INDEX,PLAYER_NORM,G,MPG,PTS,REB,AST,STL,BLK,3PM,FG%,FT%,TO,RANK_SCORE,RANK
10003.0,victor wembanyama,6.0,33.8,26.7,13.7,3.2,1.3,4.7,1.0,0.527,0.792,2.5,15.775352206862854,1
10001.0,nikola jokic,5.0,34.8,20.4,14.4,10.8,1.8,0.8,1.0,0.591,0.864,3.0,12.04204070298534,2
10014.0,tyrese maxey,6.0,42.5,33.7,4.8,9.0,1.2,0.8,4.3,0.463,0.877,2.3,11.639134098162176,3
10004.0,luka doncic,4.0,38.3,41.3,11.5,8.3,1.3,0.3,3.5,0.545,0.796,4.0,11.403716864876163,4
10005.0,giannis antetokounmpo,5.0,32.6,34.2,13.4,7.2,0.8,1.2,1.0,0.684,0.643,2.8,10.426914938471114,5
10002.0,shai gilgeous alexander,7.0,36.0,33.6,5.1,5.9,1.1,1.1,1.6,0.526,0.896,2.1,8.596499077089273,6
10017.0,lamelo ball,6.0,33.3,23.3,7.8,9.8,1.7,0.2,3.3,0.43,0.815,3.7,8.472019497599804,7
10064.0,lauri markkanen,6.0,36.7,33.0,6.7,2.3,0.5,0.7,3.8,0.489,0.878,1.0,8.451814615826205,8
10031.0,alperen sengun,5.0,36.6,22.2,8.4,7.6,1.8,1.0,1.8,0.473,0.78,3.2,8.368537573361069,9
10020.0,evan mobley,7.0,34.1,19.3,8.9,4.4,2.0,1.7,1.7,0.448,0.69,2.7,8.186285754600966,10
10036.0,kawhi leonard,5.0,32.8,23.8,6.0,3.4,2.2,0.4,2.4,0.512,0.955,1.8,8.153485385430985,11
10040.0,austin reaves,7.0,37.9,31.1,5.1,9.3,1.4,0.0,3.0,0.489,0.903,3.4,8.097664411459338,12
10129.0,norman powell,3.0,31.0,24.0,7.3,3.0,2.0,0.3,3.0,0.477,0.913,2.0,7.885603095186495,13
10015.0,stephen curry,7.0,30.9,26.6,3.6,4.4,1.6,0.6,4.3,0.465,0.947,3.0,7.8602251975656126,14
10030.0,chet holmgren,4.0,34.3,23.0,10.3,1.8,1.3,1.3,2.5,0.569,0.857,3.0,7.841043067969706,15
10096.0,mikal bridges,6.0,36.3,17.5,6.0,5.5,1.2,0.7,2.5,0.551,0.875,1.3,7.734745747126413,16
10025.0,scottie barnes,7.0,33.0,20.6,7.4,5.0,1.3,1.4,2.1,0.505,0.708,2.3,7.507904145857841,17
10093.0,julius randle,6.0,34.7,27.2,6.5,5.2,1.2,0.3,2.7,0.564,0.825,2.2,7.305830027195919,18
10061.0,walker kessler,5.0,30.8,14.4,10.8,3.0,1.4,1.8,1.2,0.703,0.7,3.2,7.2234164285269316,19
10060.0,nikola vucevic,6.0,32.2,19.3,12.3,4.3,0.7,0.3,2.3,0.587,0.824,2.0,7.024182000360073,20
10189.0,dillon brooks,3.0,30.3,19.3,3.3,2.3,2.7,0.7,3.0,0.373,1.0,2.3,6.99893388589566,21
10058.0,og anunoby,6.0,34.7,17.3,5.7,2.7,2.0,0.8,3.2,0.457,0.733,1.8,6.716915913790705,22
10204.0,ryan rollins,6.0,32.0,18.2,3.7,5.5,2.3,0.2,2.0,0.539,0.882,2.2,6.383701682174827,23
10022.0,jamal murray,5.0,33.8,26.0,4.6,5.4,1.2,0.0,2.6,0.516,0.95,2.0,6.370752697373854,24
10142.0,jabari smith,5.0,34.0,15.0,5.2,1.4,1.4,1.2,2.2,0.435,0.909,0.6,6.344821443620053,25
10140.0,alex sarr,6.0,27.3,17.0,8.5,3.7,0.7,2.2,1.0,0.532,0.778,2.8,6.2919999846143675,26
10007.0,cade cunningham,6.0,35.5,22.0,5.7,9.8,1.2,1.0,1.7,0.402,0.78,3.8,6.291784266580289,27
10111.0,jrue holiday,6.0,32.3,18.2,5.0,8.7,1.5,0.3,2.5,0.482,0.8,3.0,6.239424594076094,28
10010.0,james harden,5.0,33.2,21.8,4.8,9.2,1.4,0.2,2.8,0.471,0.906,4.0,6.228277518316671,29
10006.0,anthony davis,5.0,29.8,20.8,10.2,2.2,1.6,1.2,0.6,0.52,0.742,2.2,6.1172066275966746,30
10148.0,vj edgecombe,6.0,39.0,20.3,5.0,5.0,1.5,0.3,2.7,0.495,0.824,2.0,6.073060455516675,31
10023.0,jalen brunson,6.0,34.5,31.2,3.8,5.0,1.2,0.0,2.8,0.478,0.851,2.0,6.048658856167288,32
10127.0,cason wallace,6.0,30.0,9.0,3.5,3.3,3.0,0.5,1.8,0.383,0.875,1.0,5.931257176973811,33
10077.0,miles bridges,7.0,33.1,21.4,6.4,3.6,0.6,0.3,3.1,0.427,0.919,1.1,5.867985163508625,34
10013.0,kevin durant,5.0,35.0,27.2,5.4,1.8,1.2,1.0,1.8,0.551,0.854,2.2,5.8057727196063365,35
10393.0,collin gillespie,7.0,25.1,11.7,3.3,5.4,1.3,0.9,2.9,0.439,0.8,1.4,5.8008405548206605,36
10033.0,josh giddey,6.0,33.7,22.2,9.3,8.7,0.8,0.3,1.8,0.49,0.722,3.3,5.789274880547189,37
10009.0,karl anthony towns,6.0,33.8,18.3,13.2,2.8,0.5,1.2,1.7,0.38,0.909,2.8,5.774624146297656,38
10113.0,kyshawn george,6.0,31.2,18.3,7.8,4.5,0.8,1.3,3.0,0.554,0.625,3.3,5.7740365139133445,39
10068.0,donovan clingan,6.0,25.7,9.5,10.0,2.2,0.8,1.3,0.7,0.512,0.9,0.7,5.768919596237783,40
10018.0,donovan mitchell,6.0,33.7,29.5,2.3,4.5,1.3,0.5,4.0,0.55,0.775,3.7,5.716973619216468,41
10134.0,kelly oubre,6.0,38.0,19.5,6.3,1.2,1.2,0.8,2.5,0.526,0.8,1.3,5.633107436223722,42
10021.0,derrick white,7.0,32.3,15.0,3.6,4.0,1.4,1.0,2.4,0.308,0.889,1.0,5.605287905485534,43
10035.0,jimmy butler,7.0,33.4,21.4,5.6,4.9,1.3,0.4,1.3,0.494,0.898,1.7,5.519019325423885,44
10039.0,pascal siakam,6.0,35.2,25.0,9.0,4.8,1.3,0.3,2.2,0.443,0.569,2.2,5.456192523038618,45
10214.0,sam merrill,4.0,25.8,17.3,2.0,2.0,0.8,0.3,4.5,0.525,1.0,1.3,5.408580071958374,46
10032.0,jalen johnson,6.0,31.7,21.2,9.0,5.0,1.5,0.3,0.3,0.584,0.808,2.3,5.397054124836539,47
10050.0,bam adebayo,6.0,34.2,22.0,9.0,3.2,1.0,0.3,2.3,0.446,0.903,2.3,5.3859838733498515,48
10043.0,paolo banchero,7.0,34.0,23.3,9.3,4.0,0.7,1.3,1.1,0.456,0.739,2.6,5.371271456167555,49
10047.0,zach lavine,6.0,37.0,29.5,3.2,1.7,0.5,0.2,3.7,0.53,0.943,1.8,5.001867449256753,50
10139.0,jerami grant,6.0,28.2,20.7,3.0,1.2,1.5,0.7,2.5,0.5,0.886,1.5,4.951859409676672,51
10028.0,trey murphy,6.0,34.8,14.5,6.5,3.5,1.2,0.0,2.5,0.392,0.909,0.7,4.932975589073019,52
10251.0,tre jones,6.0,29.8,12.2,3.3,6.3,2.2,0.3,1.0,0.5,0.864,2.0,4.787232687722772,53
10011.0,devin booker,7.0,36.4,30.0,4.0,7.4,0.4,0.4,3.0,0.511,0.836,4.1,4.7692247860484915,54
10122.0,malik monk,5.0,25.2,15.6,1.2,2.4,1.2,0.8,2.6,0.547,0.875,1.0,4.754027926704935,55
10137.0,bilal coulibaly,2.0,25.5,13.0,5.0,4.0,1.0,2.0,1.0,0.409,0.75,2.0,4.715770148251748,56
10280.0,ryan kalkbrenner,7.0,27.0,9.0,6.6,0.4,1.3,2.1,0.0,0.811,0.6,1.6,4.708639620790435,57
10044.0,kristaps porzingis,5.0,25.4,18.2,7.0,3.4,0.4,1.0,2.0,0.5,0.789,1.8,4.642163239466311,58
10208.0,dennis schroder,6.0,32.5,14.3,3.3,6.5,1.7,0.3,1.7,0.449,1.0,2.7,4.6412941008697395,59
10034.0,franz wagner,7.0,34.3,22.6,5.6,3.4,1.3,0.3,1.9,0.509,0.767,1.9,4.550264904493449,60
10056.0,jalen duren,6.0,23.7,17.8,10.0,1.3,0.7,1.5,0.0,0.638,0.846,2.5,4.549938119714544,61
10268.0,cedric coward,7.0,25.3,15.0,4.9,2.6,1.1,0.4,1.6,0.587,0.909,1.0,4.537075519083959,62
10115.0,jaden mcdaniels,6.0,33.2,18.0,4.3,1.8,0.5,1.7,1.7,0.5,0.842,1.7,4.502525625165609,63
10163.0,grayson allen,7.0,34.6,16.4,3.6,5.0,1.0,0.3,3.4,0.409,0.833,2.1,4.324921620693704,64
10146.0,aaron gordon,5.0,30.2,19.8,5.4,2.0,0.8,0.2,2.4,0.552,1.0,1.8,4.3246719606749995,65
10062.0,mark williams,6.0,24.5,11.5,9.0,0.5,1.2,1.2,0.0,0.596,0.684,0.5,4.230595170185236,66
10059.0,michael porter,6.0,31.8,20.8,8.0,3.0,0.7,0.2,2.8,0.463,0.727,2.0,4.082430670928382,67
10265.0,isaiah joe,2.0,25.5,16.5,5.5,1.0,1.0,0.0,4.0,0.5,0.5,0.0,4.065907057534239,68
10187.0,rj barrett,7.0,32.6,20.4,4.4,3.4,1.3,0.3,1.9,0.56,0.783,2.1,3.9900113009328773,69
10190.0,quentin grimes,6.0,31.8,18.2,4.7,5.2,0.8,0.5,3.2,0.452,0.774,3.0,3.9652132050921516,70
10171.0,keyonte george,6.0,34.0,21.8,3.5,8.8,1.0,0.5,1.5,0.414,0.926,4.0,3.950609945392382,71
10053.0,ivica zubac,5.0,28.8,15.2,8.6,2.4,0.0,1.4,0.0,0.647,0.909,1.8,3.9180494653644864,72
10220.0,nickeil alexander walker,7.0,30.9,16.9,2.9,3.4,1.3,0.9,1.7,0.417,0.867,1.9,3.8118831341115276,73
10182.0,royce oneale,7.0,32.7,12.7,5.7,3.3,1.7,0.1,3.6,0.443,0.5,1.7,3.7338047406667183,74
10083.0,brandon ingram,7.0,32.9,22.3,5.9,3.9,1.0,0.4,1.6,0.55,0.862,3.1,3.725799302956305,75
10202.0,kevin huerter,6.0,24.8,13.0,4.2,2.7,0.8,1.0,1.3,0.519,0.889,1.3,3.69146052490557,76
10144.0,bennedict mathurin,2.0,36.5,31.0,7.0,2.5,0.0,0.0,2.5,0.548,0.885,2.5,3.6212326502216365,77
10008.0,anthony edwards,3.0,25.7,25.7,4.0,2.0,0.0,0.7,3.0,0.519,0.824,2.0,3.572356044122484,78
10052.0,demar derozan,6.0,37.2,20.7,4.3,4.8,1.2,0.2,0.5,0.505,0.784,1.2,3.539222232978928,79
10016.0,domantas sabonis,5.0,34.2,14.8,13.6,3.8,1.2,0.2,0.4,0.525,0.667,2.8,3.4724391184505627,80
10109.0,donte divincenzo,6.0,30.2,13.5,2.7,3.8,1.3,0.3,3.0,0.431,0.813,1.8,3.470488941294507,81
10170.0,alex caruso,4.0,20.8,6.0,2.0,2.0,2.0,0.8,1.5,0.333,1.0,0.8,3.4549911993676163,82
10080.0,onyeka okongwu,7.0,29.4,13.9,8.6,2.3,0.4,1.0,1.3,0.529,0.583,1.0,3.404464296070488,83
10112.0,neemias queta,7.0,22.3,8.3,7.6,1.3,0.7,1.6,0.0,0.632,0.714,1.1,3.401804993112782,84
10085.0,toumani camara,6.0,32.2,11.5,4.7,3.7,1.3,0.5,1.7,0.397,0.75,1.0,3.3335164038990173,85
10375.0,ajay mitchell,7.0,27.6,17.3,3.6,3.6,1.3,0.1,1.4,0.443,0.926,1.3,3.3267463035839286,86
10076.0,isaiah hartenstein,7.0,30.7,10.9,11.4,3.6,1.3,0.4,0.0,0.63,0.571,1.9,3.312700703847042,87
10069.0,rudy gobert,6.0,32.3,9.5,9.5,1.8,0.5,1.5,0.0,0.676,0.55,1.2,3.306331602356315,88
10057.0,deni avdija,6.0,32.3,22.7,6.0,4.2,0.5,0.8,2.3,0.489,0.8,3.8,3.2470399624985316,89
10071.0,payton pritchard,7.0,32.7,14.6,4.1,5.6,1.3,0.0,1.3,0.411,0.789,1.1,3.2110545663914762,90
10529.0,sion james,7.0,23.3,9.1,2.9,1.4,0.6,0.3,1.9,0.667,1.0,0.4,3.184558930608773,91
10206.0,matisse thybulle,4.0,12.3,5.0,1.0,0.8,2.5,0.0,1.0,0.6,1.0,0.3,3.128612972166061,92
10494.0,quenton jackson,4.0,20.3,13.0,3.8,3.5,1.3,0.3,1.5,0.576,0.727,1.3,3.101374127077978,93
10262.0,josh minott,6.0,21.8,8.3,6.8,1.7,1.5,0.5,1.0,0.425,0.769,0.5,3.098867596734221,94
10154.0,deandre hunter,5.0,29.2,18.4,5.6,3.0,0.8,0.2,2.4,0.384,0.857,1.8,3.045475666245469,95
10188.0,stephon castle,6.0,32.0,20.0,6.2,5.3,1.8,0.5,1.5,0.554,0.63,4.8,2.8641001019649033,96
10054.0,myles turner,6.0,28.7,9.8,6.2,2.5,0.7,1.8,1.8,0.393,0.5,1.7,2.8424507953193556,97
10130.0,brandin podziemski,7.0,29.9,12.3,4.7,2.7,1.4,0.3,1.9,0.478,0.643,1.0,2.8389924916105915,98
10321.0,steven adams,5.0,22.4,7.0,9.6,1.8,0.8,0.4,0.0,0.667,0.917,1.4,2.7937607889052525,99
10037.0,dyson daniels,7.0,32.0,9.0,5.7,3.4,2.6,0.6,0.1,0.45,0.571,1.7,2.7916582052958265,100
10029.0,jaren jackson,7.0,28.3,17.6,5.6,1.4,0.7,1.1,1.3,0.529,0.8,2.3,2.7746461738040873,101
10180.0,ryan dunn,7.0,24.0,10.0,6.4,1.7,0.9,0.9,1.1,0.527,0.667,0.9,2.7448504795781425,102
10038.0,jaylen brown,7.0,31.0,25.4,4.7,4.3,0.6,0.4,2.7,0.537,0.75,4.0,2.7434526721779395,103
10126.0,kevin porter,1.0,9.0,10.0,0.0,2.0,1.0,0.0,2.0,0.6,1.0,0.0,2.7335978694346403,104
10049.0,joel embiid,4.0,22.3,17.3,5.3,3.5,0.5,1.0,1.8,0.46,0.8,2.8,2.71274310217761,105
10045.0,ja morant,6.0,28.5,20.8,3.3,6.7,1.0,0.0,0.8,0.406,0.971,2.5,2.6788433928895117,106
10246.0,isaiah stewart,6.0,22.0,9.3,6.2,1.3,0.3,2.0,1.2,0.467,0.5,0.8,2.6565016462116007,107
10179.0,gary trent,6.0,29.2,14.0,1.8,2.7,1.5,0.0,3.0,0.424,0.667,0.8,2.6540545349808586,108
10048.0,cooper flagg,6.0,32.5,13.8,6.5,3.0,0.8,0.5,1.0,0.373,1.0,1.8,2.6368706462592684,109
10197.0,jonathan kuminga,7.0,31.0,17.4,7.1,3.3,0.6,0.3,1.4,0.531,0.839,2.4,2.627699712840167,110
10243.0,peyton watson,5.0,21.2,7.2,3.0,1.8,1.0,1.4,0.4,0.632,0.833,1.4,2.595489768037841,111
10105.0,matas buzelis,6.0,28.8,15.7,4.3,1.2,0.8,0.8,2.0,0.486,0.824,1.8,2.5819576332455227,112
10063.0,zion williamson,5.0,31.4,22.8,6.8,4.6,2.0,0.2,0.0,0.487,0.667,3.4,2.5655115715089676,113
10263.0,terance mann,6.0,26.7,12.2,4.0,2.7,1.3,0.0,1.2,0.604,0.727,0.7,2.529715411838411,114
10159.0,sam hauser,7.0,23.1,10.4,3.3,1.3,0.4,0.3,3.3,0.429,1.0,1.0,2.4986739006395204,115
10200.0,luke kornet,2.0,25.0,8.0,8.0,3.5,0.0,1.5,0.0,0.583,0.5,0.5,2.4918725851794967,116
10055.0,jarrett allen,5.0,27.0,14.0,7.0,1.8,1.4,0.4,0.0,0.575,0.8,1.6,2.476453092224537,117
10075.0,jalen suggs,5.0,19.2,10.2,3.4,4.4,1.8,0.2,1.4,0.545,0.889,3.0,2.455765493157452,118
10245.0,jake laravia,7.0,28.6,12.9,5.1,2.6,1.4,0.1,1.7,0.6,0.571,1.3,2.4469210957133933,119
10195.0,wendell carter,7.0,28.0,11.3,8.7,1.4,0.7,0.9,1.3,0.51,0.69,1.9,2.44240737264659,120
10089.0,immanuel quickley,7.0,31.1,12.7,3.9,6.3,1.4,0.0,1.4,0.392,0.75,1.9,2.3875775596821947,121
10269.0,jaime jaquez,6.0,30.2,18.7,6.8,4.5,0.8,0.0,0.3,0.638,0.786,2.3,2.386318987918899,122
10132.0,ayo dosunmu,5.0,26.2,16.2,3.0,3.2,0.2,0.0,2.0,0.577,0.846,0.6,2.3614098962337353,123
10270.0,tre johnson,6.0,26.5,12.7,3.3,1.7,0.3,0.8,2.2,0.412,1.0,1.3,2.357967372088555,124
10100.0,ausar thompson,6.0,27.7,14.0,7.3,3.5,1.2,0.5,0.5,0.472,0.542,1.2,2.3575892842578163,125
10082.0,tobias harris,6.0,32.2,13.5,6.0,2.8,0.8,0.2,1.3,0.394,0.944,1.3,2.3559855152043,126
10191.0,miles mcbride,4.0,27.5,10.3,3.0,2.5,1.0,0.3,2.5,0.371,0.833,0.8,2.273710386869511,127
10249.0,jarace walker,6.0,29.5,11.2,6.0,4.0,0.7,0.5,2.0,0.315,0.818,1.8,2.215332468601935,128
10012.0,trae young,5.0,27.8,17.8,2.0,7.8,0.8,0.2,1.0,0.371,0.821,2.0,2.212243419205037,129
10226.0,goga bitadze,7.0,18.0,7.1,5.7,1.4,0.4,1.1,0.3,0.75,0.6,0.4,2.194455797699207,130
10362.0,simone fontecchio,6.0,21.0,13.0,2.8,1.5,0.5,0.2,3.0,0.52,0.8,0.8,2.179337266703992,131
10201.0,ziaire williams,4.0,19.0,11.0,2.8,0.3,1.5,0.0,2.0,0.483,0.889,0.5,2.1609824742646833,132
10186.0,aaron wiggins,7.0,27.9,13.4,4.1,2.3,0.1,1.0,2.3,0.439,0.75,1.3,2.148361399691069,133
10184.0,duncan robinson,6.0,31.7,11.3,3.0,1.2,0.2,0.7,2.5,0.429,0.846,0.3,2.111134163684344,134
10194.0,reed sheppard,5.0,21.4,10.4,2.6,3.4,1.0,0.4,2.4,0.391,0.8,1.4,2.035874222551195,135
10072.0,jordan poole,6.0,30.8,18.3,1.7,3.0,0.3,0.3,3.2,0.376,0.964,2.0,2.0100906151233096,136
10177.0,moussa diabate,7.0,20.1,11.0,7.1,0.4,0.3,1.1,0.0,0.636,0.724,0.6,1.9795926088508944,137
10164.0,russell westbrook,6.0,26.0,11.8,4.8,4.8,1.3,0.2,1.7,0.391,0.647,1.8,1.9784167683628757,138
10260.0,vince williams,2.0,19.0,10.5,2.5,3.0,1.5,0.0,1.5,0.5,1.0,2.0,1.9403665595901347,139
,mac mcclung,2.0,16.0,9.5,2.0,0.5,2.5,0.5,1.0,0.412,0.75,1.0,1.9302482715822935,140
10098.0,andrew wiggins,6.0,31.5,16.2,5.5,1.8,1.3,0.8,1.3,0.5,0.579,2.3,1.9240651871071688,141
10079.0,cj mccollum,6.0,29.8,14.2,3.7,3.7,0.7,0.0,2.5,0.372,0.8,1.3,1.833659196091002,142
10167.0,pj washington,6.0,33.8,13.7,7.7,2.8,0.7,1.3,1.2,0.443,0.591,3.0,1.8131631842163527,143
10395.0,jock landale,7.0,23.6,10.7,5.3,1.4,0.3,0.6,1.1,0.596,0.846,1.0,1.7956412274622944,144
10116.0,santi aldama,7.0,24.7,11.0,7.4,2.4,1.3,0.6,1.3,0.421,0.4,1.1,1.7380839534475134,145
10293.0,max christie,6.0,30.0,12.0,2.2,2.3,0.2,0.3,2.7,0.533,0.889,1.2,1.7188293258418594,146
10331.0,ron holland,6.0,21.0,10.0,3.5,1.8,2.0,0.3,1.2,0.438,0.846,2.0,1.710512702980759,147
10090.0,draymond green,7.0,29.1,8.9,6.1,6.1,0.7,0.6,1.7,0.478,0.545,2.6,1.7039831212729906,148
10213.0,taurean prince,6.0,21.2,7.2,1.7,1.2,0.8,0.3,1.7,0.556,1.0,0.7,1.5870584653190365,149
10496.0,rayj dennis,5.0,25.6,9.2,2.8,4.6,0.6,0.8,1.8,0.308,0.833,1.6,1.569617418302786,150
10095.0,nic claxton,6.0,27.7,13.3,6.5,2.8,0.8,0.7,0.0,0.571,0.571,1.2,1.5605225141370966,151
10272.0,julian champagnie,6.0,29.3,7.5,6.2,1.8,1.0,0.3,1.2,0.424,0.769,0.7,1.5336053368075517,152
10107.0,devin vassell,6.0,34.2,14.7,4.3,2.3,1.0,0.2,2.8,0.413,0.625,1.8,1.5105134748793096,153
10448.0,kyle lowry,1.0,3.0,3.0,0.0,1.0,1.0,0.0,1.0,1.0,,0.0,1.4889772352788608,154
10097.0,dereck lively,3.0,17.0,5.3,5.0,3.0,0.7,1.3,0.0,0.778,0.5,1.7,1.4731724773084762,155
10117.0,obi toppin,3.0,27.3,14.0,6.7,1.7,1.0,0.0,1.0,0.417,1.0,2.0,1.440555450919765,156
10136.0,kon knueppel,7.0,30.1,14.0,4.9,2.3,0.6,0.0,3.1,0.461,0.75,2.1,1.4131498328556482,157
10475.0,jaylon tyson,7.0,24.3,10.9,2.7,1.6,0.9,0.7,2.1,0.5,0.714,1.6,1.3851660967124257,158
10153.0,rui hachimura,7.0,35.7,15.3,4.1,1.9,0.4,0.3,1.9,0.577,0.75,1.6,1.3569099026351215,159
10378.0,josh okogie,5.0,22.6,10.0,1.4,1.4,0.6,0.2,1.8,0.636,0.813,0.4,1.3504961170506247,160
10161.0,mike conley,6.0,21.5,6.2,2.5,3.5,1.0,0.5,1.2,0.344,1.0,1.3,1.3209377030859193,161
10266.0,patrick williams,6.0,22.8,9.5,3.0,2.0,1.0,0.5,1.8,0.487,0.667,1.0,1.2889663543292544,162
10108.0,anfernee simons,7.0,26.6,13.7,2.4,1.4,0.7,0.3,2.7,0.412,0.778,1.1,1.282609071972861,163
10232.0,derrick jones,5.0,23.0,10.4,2.4,1.0,0.4,1.0,1.8,0.656,0.5,0.6,1.2578384983477089,164
10203.0,harrison barnes,6.0,30.0,9.8,2.0,2.7,0.8,0.3,1.8,0.452,1.0,1.7,1.255756204677281,165
10417.0,dru smith,6.0,17.5,6.0,1.5,3.8,1.7,0.2,1.0,0.5,,1.3,1.221248877188101,166
10104.0,kelel ware,6.0,19.5,8.7,6.8,0.8,0.7,0.7,1.0,0.488,0.75,1.3,1.1753660499408543,167
10316.0,tristan da silva,7.0,20.9,10.7,2.9,1.0,1.1,0.1,1.6,0.446,0.875,0.7,1.1390400784646522,168
10451.0,svi mykhailiuk,6.0,26.7,6.5,2.5,1.7,1.0,0.2,1.5,0.424,1.0,0.8,1.1114746768189208,169
10073.0,john collins,5.0,24.0,11.8,5.8,1.0,1.2,0.6,0.6,0.585,0.727,2.2,1.0927068477864923,170
10102.0,aaron nesmith,6.0,31.8,14.3,4.5,1.0,0.2,0.3,3.0,0.346,0.667,0.5,1.0597704119531648,171
10215.0,keldon johnson,6.0,24.2,13.0,5.3,1.2,0.5,0.0,1.2,0.612,0.688,0.5,1.0355649561557883,172
10166.0,luguentz dort,6.0,34.7,7.3,5.3,1.8,1.2,0.0,1.0,0.3,1.0,0.8,1.0084706624638877,173
10532.0,jeff green,2.0,5.5,4.5,0.0,0.0,0.0,0.5,1.5,1.0,,0.0,0.985722603996461,174
10119.0,daniel gafford,1.0,17.0,7.0,4.0,3.0,0.0,0.0,0.0,0.667,1.0,0.0,0.9840699027414614,175
10101.0,cam thomas,6.0,31.0,24.3,1.5,2.8,0.3,0.2,2.5,0.406,0.882,2.5,0.9712715888083265,176
10131.0,shaedon sharpe,6.0,27.2,17.3,4.3,1.5,1.3,0.2,2.0,0.35,0.952,3.2,0.9541535881987531,177
10252.0,tim hardaway,5.0,23.2,11.2,1.2,1.2,0.6,0.0,2.4,0.463,0.857,0.2,0.9342146829547762,178
10300.0,john konchar,7.0,13.7,3.7,2.7,1.0,0.7,0.4,0.7,0.588,1.0,0.4,0.9302804187607088,179
10162.0,kentavious caldwell pope,7.0,24.9,10.6,2.4,4.3,0.6,0.1,1.6,0.344,0.95,1.3,0.8970696412221353,180
10313.0,jaylin williams,7.0,17.9,5.7,4.1,2.3,1.0,0.6,1.3,0.368,0.75,0.9,0.875400901297505,181
10103.0,dangelo russell,6.0,22.2,14.2,3.3,5.0,0.7,0.2,1.8,0.391,0.714,2.2,0.818826388557321,182
10247.0,kyle kuzma,5.0,23.6,11.4,4.2,1.8,0.8,0.6,0.2,0.55,0.857,1.6,0.8187545908179139,183
10024.0,amen thompson,5.0,33.2,15.0,6.0,5.8,0.8,0.2,0.2,0.467,0.692,2.6,0.8173572327517522,184
10091.0,herbert jones,6.0,27.0,9.3,4.0,2.2,1.2,0.2,2.0,0.396,0.75,1.7,0.8093008855093984,185
10225.0,jeremiah fears,6.0,26.5,13.7,2.5,3.8,1.5,0.0,1.2,0.465,0.75,2.3,0.7273720020391319,186
10238.0,aj green,6.0,28.3,12.7,2.7,0.8,0.3,0.0,3.3,0.568,0.667,1.0,0.7118518707908885,187
10277.0,dean wade,7.0,24.4,6.7,4.0,1.6,0.9,0.4,1.4,0.359,0.75,0.3,0.6968207324507919,188
10149.0,dylan harper,6.0,23.3,14.0,4.0,3.8,0.7,0.0,0.8,0.5,0.833,1.8,0.6622066465412183,189
10046.0,desmond bane,7.0,30.0,14.6,4.0,3.7,0.4,0.3,1.1,0.419,0.941,2.3,0.6327180229585874,190
10125.0,collin sexton,7.0,26.0,16.0,2.6,5.3,0.6,0.0,1.4,0.529,0.833,2.9,0.6222610635587627,191
10234.0,collin murray boyles,5.0,22.6,10.6,3.8,1.6,1.2,0.2,1.2,0.477,0.714,1.2,0.616685480286419,192
10282.0,trendon watford,3.0,18.3,6.0,4.3,3.7,0.0,0.3,0.3,0.615,1.0,1.3,0.5915682865080398,193
10066.0,christian braun,5.0,30.8,11.0,3.8,2.4,0.8,0.4,0.4,0.489,0.9,1.6,0.5636386227516403,194
10088.0,naz reid,6.0,22.8,11.3,5.5,1.5,0.8,0.8,1.3,0.433,0.571,1.7,0.46130963854794804,195
,will richard,6.0,13.7,5.7,1.7,1.3,1.3,0.0,0.8,0.632,0.833,0.7,0.41288954643594583,196
10165.0,marcus smart,5.0,27.2,9.2,1.8,2.8,1.4,0.2,1.0,0.485,0.818,1.8,0.38565542326845315,197
10124.0,bobby portis,6.0,19.8,10.0,5.8,1.0,0.2,0.2,1.3,0.431,1.0,1.3,0.37006005798870967,198
10178.0,yves missi,5.0,23.2,7.8,6.6,1.4,0.2,1.2,0.0,0.682,0.563,1.6,0.36363044812960227,199
10099.0,keon ellis,6.0,19.0,7.0,1.7,0.7,1.8,0.2,1.2,0.484,0.625,0.5,0.28711888351357506,200
10221.0,luke kennard,7.0,26.0,8.9,2.3,2.3,0.6,0.1,1.4,0.525,0.909,1.3,0.2810031380664935,201
10328.0,jamison battle,5.0,8.8,6.8,1.4,0.0,0.2,0.2,2.0,0.8,,0.6,0.24220783204654517,202
10175.0,cole anthony,5.0,19.4,11.0,3.0,5.6,0.6,0.6,1.0,0.511,0.444,1.8,0.24149665118826136,203
10471.0,cam spencer,7.0,17.3,7.1,2.3,3.4,0.9,0.0,1.7,0.368,0.833,1.0,0.23808922048311854,204
10413.0,kris murray,5.0,23.2,6.4,3.0,0.6,1.6,0.2,0.6,0.52,0.75,0.8,0.2026054024952549,205
10205.0,zaccharie risacher,5.0,23.0,9.4,1.6,1.2,1.0,0.6,1.2,0.422,0.75,0.8,0.20255512650019922,206
10426.0,baylor scheierman,6.0,9.8,3.3,2.8,0.3,0.5,0.0,0.8,0.636,1.0,0.0,0.18002091642093276,207
10230.0,dayron sharpe,6.0,15.8,7.0,4.8,1.7,1.0,0.7,0.3,0.68,0.667,2.3,0.16925886515700328,208
,league average,,,,,,,,,0.469,0.788,,0.1536087713262474,209
10223.0,moses moody,5.0,18.2,7.8,2.4,1.2,0.6,0.8,2.0,0.355,0.778,1.2,0.1421525992406628,210
10152.0,kris dunn,5.0,22.8,6.8,2.6,0.6,1.4,0.0,0.8,0.483,1.0,1.2,0.14174319471408986,211
,myron gardner,1.0,3.0,3.0,1.0,1.0,0.0,0.0,1.0,1.0,,0.0,0.12858054836259503,212
10334.0,jamal shead,7.0,17.1,7.1,1.9,5.0,0.4,0.0,1.1,0.471,0.833,1.0,0.03413842221171881,213
10287.0,jarred vanderbilt,7.0,19.4,4.9,6.1,1.4,1.4,0.4,0.0,0.414,0.833,1.6,-0.01664290132945756,214
10231.0,andre drummond,6.0,14.7,4.7,6.7,0.5,0.8,0.8,0.2,0.524,0.455,0.2,-0.048610217555574264,215
10141.0,chris paul,5.0,13.6,2.6,1.4,4.0,1.4,0.0,0.8,0.25,1.0,0.8,-0.07206080770439566,216
10209.0,anthony black,7.0,26.1,12.3,3.0,2.3,0.9,0.9,1.0,0.508,0.68,2.9,-0.11378922388200818,217
10123.0,davion mitchell,6.0,28.2,9.0,2.2,7.5,0.8,0.2,1.2,0.458,0.375,1.7,-0.17996236869774118,218
10440.0,jericho sims,3.0,3.3,1.3,0.0,0.0,0.0,0.3,0.0,1.0,1.0,0.0,-0.18789644307908393,219
10507.0,tolu smith,1.0,6.0,11.0,4.0,0.0,1.0,0.0,0.0,0.75,0.714,1.0,-0.22812034888890792,220
10168.0,khris middleton,6.0,24.8,11.3,4.5,2.2,0.7,0.2,1.2,0.481,0.643,1.5,-0.22993768112172808,221
10183.0,brice sensabaugh,6.0,14.0,8.8,2.7,0.8,0.5,0.2,1.3,0.459,0.917,0.8,-0.23433388153900797,222
10337.0,sandro mamukelashvili,7.0,16.7,7.6,2.6,2.1,0.3,0.4,0.7,0.621,0.8,1.1,-0.243141918956771,223
10309.0,clint capela,5.0,10.0,4.4,3.6,0.2,0.4,0.6,0.0,0.727,0.75,0.4,-0.2681825250821932,224
10406.0,jaylen clark,4.0,16.0,5.8,2.5,1.0,1.0,0.0,0.3,0.45,1.0,0.3,-0.2748033558186923,225
10145.0,klay thompson,6.0,20.7,8.7,3.0,1.3,0.2,0.3,1.7,0.333,1.0,1.0,-0.3302084439754866,226
10484.0,pelle larsson,6.0,16.5,8.0,2.5,2.0,0.3,0.0,1.2,0.531,0.875,0.7,-0.35028439075036444,227
10366.0,craig porter,7.0,18.0,5.9,3.6,2.1,1.3,0.3,0.9,0.571,0.429,1.0,-0.37810921490107513,228
10147.0,jay huff,6.0,14.0,4.2,2.0,0.7,0.0,1.3,0.5,0.36,1.0,0.5,-0.38568373093260067,229
,ej liddell,1.0,5.0,6.0,2.0,0.0,0.0,0.0,1.0,0.667,1.0,0.0,-0.39734476770014426,230
10514.0,kobe brown,3.0,4.7,1.3,1.0,0.7,0.0,0.0,0.0,1.0,1.0,0.3,-0.39842486168365865,231
10384.0,tyrese martin,6.0,19.7,6.0,3.2,2.7,0.3,0.2,1.2,0.333,1.0,1.0,-0.43556398629181253,232
10065.0,deandre ayton,6.0,31.3,14.8,7.8,1.2,0.5,0.8,0.0,0.627,0.455,2.5,-0.46930070403386503,233
10157.0,mitchell robinson,2.0,16.5,2.0,8.0,1.5,0.0,1.0,0.0,0.333,,0.5,-0.49373110759536587,234
10361.0,nique clifford,2.0,20.0,1.0,5.5,1.0,1.0,1.0,0.0,0.25,,0.5,-0.5486534947888031,235
10067.0,cameron johnson,5.0,26.8,8.2,3.2,1.4,0.4,0.2,1.2,0.394,0.9,0.8,-0.5592565575694783,236
10114.0,tari eason,5.0,23.8,11.0,5.4,2.2,0.6,0.6,2.4,0.512,0.333,2.6,-0.5597316299064927,237
10174.0,nikola jovic,6.0,22.3,9.0,4.0,2.3,0.3,0.2,1.5,0.405,0.786,1.3,-0.5910502168078684,238
10138.0,bub carrington,6.0,27.2,7.0,4.0,3.5,1.2,0.2,1.2,0.326,0.7,2.0,-0.5930812798742955,239
10470.0,dwight powell,5.0,11.6,5.0,2.8,0.8,0.4,0.4,0.0,0.714,0.882,1.0,-0.6451620594573535,240
10156.0,adem bona,6.0,15.7,2.3,3.0,0.5,0.3,2.0,0.0,0.455,0.571,0.7,-0.6506035780072476,241
10084.0,brandon miller,2.0,20.0,14.5,0.0,4.0,0.5,0.5,1.0,0.4,0.7,1.5,-0.673051818279637,242
10402.0,blake wesley,6.0,16.3,6.0,2.3,3.2,1.7,0.2,0.3,0.412,0.6,1.2,-0.695220444338372,243
10283.0,jusuf nurkic,6.0,18.0,7.0,7.8,2.5,1.5,0.2,0.3,0.39,0.667,2.8,-0.6962203852408697,244
10307.0,nicolas batum,5.0,14.8,3.0,3.4,0.6,1.0,0.6,1.0,0.294,,0.4,-0.7334159552093826,245
10513.0,dominick barlow,2.0,25.0,7.5,6.0,2.5,0.0,0.5,0.0,0.5,0.833,1.5,-0.7687492089735164,246
10198.0,buddy hield,7.0,16.9,6.9,1.4,1.6,0.6,0.0,1.3,0.4,1.0,0.9,-0.8376025002105197,247
10207.0,walter clayton,6.0,17.5,6.2,2.8,2.7,0.5,0.0,0.8,0.394,1.0,1.2,-0.8757935253448479,248
10292.0,luka garza,6.0,14.3,6.2,3.8,0.8,0.2,0.5,0.7,0.52,0.778,0.7,-0.8869460091426508,249
10192.0,naji marshall,6.0,23.5,6.8,3.5,1.7,1.0,0.0,0.2,0.423,0.9,1.0,-0.8923774171408125,250
10410.0,drake powell,2.0,6.0,2.0,1.0,0.5,0.5,0.0,0.0,1.0,,0.5,-0.9030194996514584,251
10329.0,marvin bagley,6.0,14.8,7.2,3.5,1.7,0.5,0.3,0.3,0.72,0.5,0.7,-0.904937599032177,252
10297.0,tre mann,7.0,20.3,8.9,2.9,2.6,0.7,0.0,1.4,0.324,0.889,1.6,-0.9559198635541277,253
10382.0,dalton knecht,6.0,18.0,6.8,1.3,0.5,0.7,0.7,0.8,0.421,0.8,0.7,-0.9678693147850878,254
10176.0,brook lopez,5.0,16.2,6.4,3.6,0.4,0.4,1.2,1.6,0.333,0.5,0.8,-0.9927956151247783,255
10495.0,jordan mclaughlin,6.0,10.3,3.2,0.7,1.5,1.0,0.0,0.7,0.333,1.0,0.0,-0.9938325244614308,256
10351.0,saddiq bey,6.0,23.7,8.3,3.3,1.3,0.8,0.0,1.5,0.37,0.7,0.7,-0.997440395172592,257
10288.0,ben sheppard,6.0,27.0,6.8,6.2,2.3,0.3,0.2,0.7,0.311,0.75,0.8,-1.0722074585953558,258
10219.0,egor demin,5.0,19.4,7.0,3.2,2.4,0.6,0.0,2.0,0.423,0.75,1.8,-1.0809579448370559,259
10278.0,paul reed,4.0,8.5,5.0,2.8,0.5,0.3,0.8,0.5,0.6,,1.3,-1.1904429787161723,260
10160.0,jaylen wells,7.0,26.7,10.0,3.7,1.4,0.6,0.0,1.6,0.352,0.643,0.7,-1.2072458084156588,261
10254.0,derik queen,6.0,17.5,7.3,4.8,0.2,0.5,0.7,0.0,0.441,0.778,1.0,-1.212297458085748,262
10343.0,javonte green,6.0,15.8,5.3,2.3,1.0,1.0,0.3,1.0,0.364,0.667,0.3,-1.2221926111418422,263
10212.0,bruce brown,5.0,18.4,5.4,4.0,1.6,0.8,0.4,0.6,0.524,0.5,0.8,-1.2234725258656955,264
10324.0,jaxson hayes,4.0,20.8,5.8,5.0,2.5,0.5,0.8,0.3,0.786,0.0,0.8,-1.2628805345770626,265
10289.0,jalen smith,6.0,14.3,8.3,5.0,0.7,0.3,0.3,1.0,0.475,0.6,0.7,-1.296059425579196,266
10133.0,robert williams,1.0,11.0,4.0,4.0,1.0,0.0,1.0,0.0,1.0,0.0,0.0,-1.3016133899937306,267
10235.0,nick richards,7.0,9.7,4.9,3.3,0.3,0.3,0.4,0.0,0.545,1.0,1.0,-1.3035959972911764,268
10196.0,chris boucher,5.0,11.2,2.0,1.8,0.4,0.6,1.0,0.0,0.25,1.0,0.2,-1.308456779516678,269
10414.0,pj hall,3.0,5.7,2.3,1.3,0.0,0.0,0.7,0.3,0.75,,0.3,-1.3666149847895244,270
10227.0,jonas valanciunas,5.0,12.0,8.8,4.6,1.4,0.0,0.6,0.0,0.545,0.727,1.2,-1.4079832830499468,271
10353.0,daron holmes,2.0,2.0,1.5,0.0,0.0,0.0,0.0,0.5,1.0,,0.0,-1.4368243507782326,272
10409.0,landry shamet,6.0,17.7,6.8,1.8,0.7,0.5,0.0,1.8,0.375,0.857,0.7,-1.4696338573803467,273
10522.0,kj simpson,1.0,17.0,7.0,4.0,4.0,1.0,0.0,1.0,0.4,1.0,4.0,-1.4698857306338176,274
,daniss jenkins,4.0,10.3,3.5,0.0,1.5,1.0,0.0,0.5,0.5,1.0,1.0,-1.4747853057255997,275
10121.0,taylor hendricks,6.0,16.5,5.7,4.3,0.3,0.3,0.3,0.7,0.462,0.75,0.5,-1.5286860085031715,276
10499.0,joan beringer,3.0,2.7,0.7,1.3,0.0,0.0,0.0,0.0,1.0,,0.0,-1.5618975021996613,277
10493.0,hugo gonzalez,5.0,15.2,3.6,2.2,0.8,1.2,0.2,0.4,0.381,,0.4,-1.5700500075913928,278
10211.0,cam whitmore,6.0,16.7,9.3,3.2,0.8,1.2,0.0,1.0,0.426,0.571,1.0,-1.5782698396883168,279
10150.0,al horford,5.0,21.0,5.4,4.0,1.2,0.4,0.6,1.0,0.379,,1.6,-1.6802337928103113,280
10519.0,olivier maxence prosper,5.0,9.4,5.6,2.6,0.2,0.2,0.0,0.0,0.615,1.0,0.6,-1.7007680562312997,281
10411.0,eric gordon,2.0,8.0,4.0,0.0,0.0,0.5,0.0,1.0,0.75,,0.5,-1.7162165438108872,282
10357.0,gabe vincent,3.0,24.0,3.7,1.0,2.3,1.0,0.0,0.7,0.231,1.0,0.7,-1.7302422211273014,283
10158.0,lonzo ball,6.0,24.3,5.8,4.3,5.3,1.0,0.0,1.3,0.316,0.6,2.8,-1.7650622823248105,284
10094.0,josh hart,5.0,23.0,5.0,6.6,3.2,0.8,0.0,0.4,0.31,0.714,1.8,-1.770221885164771,285
10432.0,jabari walker,6.0,14.0,3.7,3.3,0.0,0.2,0.5,0.0,0.417,1.0,0.5,-1.803718725814524,286
10253.0,vit krejci,3.0,17.7,7.0,2.0,1.0,0.7,0.0,1.7,0.389,0.667,0.7,-1.8203772454338618,287
10237.0,mason plumlee,3.0,4.0,0.7,1.0,0.3,0.0,0.0,0.0,1.0,,0.3,-1.830750201286643,288
10279.0,isaac okoro,6.0,22.5,6.0,2.3,1.2,0.3,0.3,0.8,0.385,1.0,1.5,-1.9287137869906736,289
10275.0,jordan goodwin,4.0,12.0,5.0,2.3,1.5,1.5,0.0,1.0,0.353,0.8,2.0,-1.9362179957071726,290
10274.0,mouhamed gueye,7.0,15.1,6.7,3.9,1.0,0.1,0.6,0.7,0.559,0.5,0.9,-1.9890755364841448,291
10317.0,trayce jackson davis,3.0,8.7,2.7,1.7,0.7,0.7,0.3,0.0,0.333,1.0,0.3,-1.9999568214097727,292
10276.0,amir coffey,6.0,11.0,2.3,1.3,0.7,0.0,0.2,0.2,0.556,1.0,0.2,-2.0184460047031005,293
10228.0,jordan clarkson,6.0,15.2,8.2,1.5,1.3,0.0,0.3,1.3,0.378,0.875,1.0,-2.040264877182622,294
,hunter sallis,2.0,3.0,1.0,0.5,0.5,0.0,0.0,0.0,1.0,,0.5,-2.081019871737105,295
10244.0,gradey dick,7.0,15.4,7.1,2.6,0.3,0.4,0.0,0.9,0.385,0.778,0.1,-2.11601952047919,296
10172.0,kyle filipowski,6.0,18.5,6.0,3.8,2.7,0.3,0.2,0.8,0.368,0.6,0.8,-2.1591647557506746,297
10323.0,xavier tillman,6.0,9.0,3.3,2.5,0.5,0.3,0.2,0.3,0.529,,0.2,-2.2391489052785634,298
10485.0,noah penda,4.0,10.5,3.3,2.0,1.3,0.3,0.5,0.5,0.625,0.5,0.5,-2.2437405944730395,299
10481.0,yanic konan niederhauser,3.0,4.3,3.3,1.0,0.7,0.0,0.0,0.0,1.0,0.5,0.0,-2.2715203711164165,300
10106.0,isaiah jackson,6.0,15.8,5.7,5.0,0.8,0.0,0.3,0.0,0.444,0.909,1.2,-2.285624702102782,301
10521.0,jalen pickett,3.0,5.3,3.3,0.7,1.0,0.0,0.0,0.3,0.571,1.0,0.3,-2.2875540846812847,302
10355.0,tony bradley,6.0,13.0,5.3,3.7,0.3,0.3,0.3,0.0,0.7,0.444,0.2,-2.303035665161875,303
10086.0,bradley beal,3.0,20.7,6.7,1.0,1.3,0.3,0.0,0.7,0.412,1.0,1.0,-2.3116175845103353,304
10463.0,leonard miller,2.0,3.5,1.0,0.5,0.0,0.0,0.0,0.0,1.0,,0.5,-2.3331215071584257,305
,isaiah livers,4.0,9.3,2.0,0.3,0.3,0.5,0.5,0.5,0.25,1.0,0.0,-2.4125494059481314,306
10199.0,ace bailey,6.0,17.3,4.7,3.0,1.7,0.3,0.2,0.3,0.275,1.0,1.0,-2.4162071391211253,307
,riley minix,3.0,2.7,3.0,0.7,0.3,0.3,0.0,0.3,0.667,,0.0,-2.446527362477708,308
,caleb love,2.0,9.5,5.0,2.5,2.5,0.0,0.0,1.0,0.286,,0.0,-2.4475346449053674,309
10299.0,quinten post,7.0,12.7,4.0,3.4,0.6,0.1,0.4,0.9,0.407,,0.9,-2.5319860099077167,310
10350.0,jalen wilson,5.0,17.6,6.8,0.8,1.0,0.2,0.0,1.4,0.458,0.833,1.0,-2.547957659696934,311
10285.0,jonathan mogbo,5.0,5.4,1.2,1.4,0.4,0.2,0.4,0.0,0.6,,0.2,-2.6133101187347756,312
10356.0,rob dillingham,4.0,11.3,4.0,0.3,2.8,1.0,0.0,0.0,0.533,,1.5,-2.6193575427473172,313
,javon small,6.0,16.2,5.3,1.3,3.7,0.0,0.2,1.0,0.346,0.8,1.3,-2.650221805493797,314
10543.0,deandre jordan,2.0,11.5,4.5,5.0,0.0,0.0,0.0,0.0,0.8,0.5,0.5,-2.676116641386945,315
10427.0,branden carlson,5.0,6.0,3.2,1.6,0.4,0.0,0.0,0.4,0.7,,0.4,-2.6798078813195785,316
10310.0,drew eubanks,6.0,12.8,3.2,2.7,0.3,0.7,1.2,0.0,0.444,0.333,0.5,-2.729256771868175,317
10284.0,corey kispert,6.0,19.7,6.8,2.8,1.3,0.2,0.2,1.2,0.417,0.571,0.8,-2.7595226938140027,318
10490.0,brandon williams,4.0,14.3,8.0,1.8,1.3,0.8,0.3,0.3,0.5,0.583,1.5,-2.80603843091004,319
10405.0,devin carter,3.0,8.0,1.3,1.0,0.7,1.0,0.3,0.0,0.25,1.0,0.7,-2.8164730092661183,320
10383.0,jaden hardy,5.0,10.4,5.6,1.0,0.2,0.4,0.0,1.2,0.391,0.8,0.4,-2.818546915268546,321
10422.0,jakobe walter,4.0,12.0,2.0,1.5,1.0,0.5,0.3,0.5,0.2,1.0,0.5,-2.839513906523494,322
,koby brea,1.0,4.0,4.0,0.0,1.0,0.0,0.0,0.0,0.5,1.0,0.0,-2.854377996210741,323
10363.0,terrence shannon,6.0,17.0,4.0,2.7,1.2,0.7,0.0,0.7,0.32,0.8,1.0,-2.910569800902265,324
10340.0,johnny furphy,2.0,12.0,2.5,1.5,0.0,1.0,0.0,0.5,0.5,,1.0,-2.963000424711967,325
10425.0,cody williams,4.0,9.5,3.0,1.0,0.5,0.0,0.3,0.5,0.625,,0.8,-3.0039679587863684,326
,keshad johnson,2.0,5.0,3.5,1.5,0.0,0.5,0.0,0.5,0.429,,0.0,-3.0753636210327313,327
10345.0,aaron holiday,2.0,7.5,3.5,1.0,1.0,0.0,0.0,0.5,0.5,1.0,1.0,-3.0872836280631866,328
10364.0,james wiseman,1.0,20.0,4.0,4.0,0.0,0.0,1.0,0.0,0.667,,3.0,-3.1022142578792193,329
10322.0,carter bryant,5.0,7.6,3.0,0.8,0.0,0.4,0.2,0.4,0.357,1.0,0.6,-3.141664522500906,330
,harrison ingram,3.0,3.7,1.7,1.0,0.0,0.0,0.0,0.3,0.667,,0.0,-3.1755705033406816,331
,tyrese proctor,6.0,12.0,3.0,1.0,1.2,0.7,0.0,0.3,0.269,1.0,0.8,-3.175784667867792,332
10332.0,keaton wallace,6.0,11.2,3.7,1.3,2.7,0.3,0.0,0.8,0.533,0.5,0.7,-3.2192240212235386,333
10433.0,duop reath,4.0,6.0,3.0,0.3,0.5,0.0,0.3,1.0,0.4,,0.0,-3.2424596704742434,334
10511.0,colby jones,1.0,7.0,2.0,4.0,2.0,0.0,0.0,0.0,0.333,,0.0,-3.2637086407469367,335
10281.0,khaman maluach,4.0,5.8,2.8,0.5,0.3,0.0,0.5,0.0,0.5,0.875,0.5,-3.273112928215723,336
10222.0,tyus jones,7.0,15.0,2.9,1.1,1.4,0.4,0.3,0.3,0.375,,0.6,-3.2791846239292273,337
10377.0,tidjane salaun,7.0,11.9,3.1,3.6,0.7,0.3,0.1,0.6,0.368,0.667,0.4,-3.2849759242796006,338
10504.0,will riley,5.0,5.6,2.8,1.4,0.6,0.4,0.0,0.2,0.455,0.75,0.0,-3.291350749547191,339
,nigel hayes davis,7.0,10.9,2.4,1.6,0.6,0.6,0.0,0.1,0.5,,0.6,-3.3131565448582436,340
10271.0,gary payton,7.0,8.4,2.3,2.0,0.6,0.3,0.3,0.0,0.471,,0.6,-3.344718854896369,341
10333.0,kyle anderson,2.0,18.5,6.5,1.5,2.5,0.5,0.0,0.0,0.5,0.6,1.0,-3.345336136382982,342
10273.0,jordan hawkins,5.0,13.0,3.4,2.0,0.8,0.0,0.0,0.6,0.25,1.0,0.2,-3.3588976719010737,343
,amari williams,2.0,3.5,1.0,1.0,0.5,0.5,0.0,0.0,0.5,,0.0,-3.4192117371044892,344
,nfaly dante,3.0,4.7,1.0,2.3,0.0,0.7,0.0,0.0,0.25,1.0,0.3,-3.45699713179676,345
10308.0,noah clowney,6.0,20.0,4.3,3.8,1.7,0.2,0.0,0.7,0.233,0.889,1.3,-3.459012244423639,346
10296.0,ochai agbaji,7.0,15.1,3.4,2.4,0.9,0.7,0.1,0.1,0.391,0.625,0.4,-3.4645987655471826,347
10431.0,justin edwards,6.0,11.3,3.5,1.0,0.5,0.2,0.2,0.8,0.348,,0.3,-3.5925234475003953,348
,elijah harkless,2.0,12.0,3.0,1.5,1.0,1.0,0.0,0.5,0.333,0.5,0.0,-3.621502324155929,349
10472.0,zeke nnaji,3.0,3.7,2.0,0.3,0.3,0.0,0.0,0.0,0.5,1.0,0.3,-3.668079056034457,350
10436.0,gui santos,6.0,6.7,2.2,1.0,0.3,0.3,0.0,0.5,0.556,,0.8,-3.7122537768635504,351
10236.0,jose alvarado,5.0,14.8,3.0,1.8,1.2,1.0,0.0,0.8,0.294,0.5,0.4,-3.751195781279155,352
,chris youngblood,7.0,4.7,1.9,0.4,0.1,0.0,0.0,0.4,0.375,1.0,0.0,-3.762356199113447,353
10359.0,bismack biyombo,5.0,8.8,0.4,1.0,0.4,0.6,0.0,0.0,0.5,,0.4,-3.7884040848842195,354
10438.0,johni broome,1.0,5.0,4.0,2.0,1.0,0.0,0.0,0.0,0.4,,0.0,-3.8525772618313887,355
10486.0,rayan rupert,4.0,6.3,1.3,1.3,0.5,0.5,0.0,0.3,0.4,,0.3,-3.8613556375918354,356
,brooks barnhizer,6.0,7.8,1.3,1.5,0.2,0.2,0.0,0.0,0.5,,0.0,-3.865980306896251,357
10453.0,asa newell,3.0,10.0,5.7,3.3,0.3,0.0,0.0,1.3,0.462,0.5,0.7,-3.865985892251596,358
10224.0,jonathan isaac,6.0,8.3,2.0,1.8,0.2,0.5,0.7,0.2,0.364,0.5,0.3,-3.8892880999937396,359
,dylan cardwell,3.0,11.0,1.7,1.7,0.0,0.7,1.0,0.0,0.333,0.5,0.7,-3.892067364589073,360
10370.0,caleb martin,5.0,9.2,2.4,1.2,0.8,0.6,0.0,0.2,0.4,0.75,0.6,-3.9097318390477467,361
10435.0,anthony gill,3.0,2.7,1.3,0.3,0.0,0.0,0.0,0.0,0.5,1.0,0.3,-3.9106971199601035,362
,bobi klintman,1.0,7.0,2.0,3.0,0.0,2.0,0.0,0.0,0.5,0.0,0.0,-3.950432282459138,363
10399.0,julian phillips,5.0,6.8,1.8,0.4,0.2,0.4,0.2,0.2,0.364,,0.0,-4.03546517771361,364
10479.0,ariel hukporti,3.0,13.3,0.7,3.3,1.3,0.3,0.3,0.0,0.25,,0.7,-4.1092057020303505,365
,tyler kolek,6.0,8.8,3.2,0.7,1.3,0.2,0.0,0.5,0.421,,0.8,-4.144097741274284,366
10447.0,ousmane dieng,4.0,8.0,1.3,1.0,0.3,0.0,0.8,0.3,0.286,,0.5,-4.1489889816064345,367
10385.0,bones hyland,6.0,12.8,5.2,1.2,1.5,0.5,0.0,1.0,0.462,0.5,1.3,-4.152404678408495,368
10233.0,guerschon yabusele,5.0,9.4,1.6,3.0,0.2,0.2,0.2,0.4,0.231,,0.2,-4.231497559933647,369
,jd davison,2.0,7.5,4.0,0.0,1.0,0.5,0.5,1.0,0.6,0.0,0.0,-4.267155676411702,370
10428.0,jordan walsh,4.0,6.0,2.5,1.0,0.3,0.0,0.0,0.5,0.4,,0.0,-4.270432098482155,371
10483.0,liam mcneeley,5.0,10.2,3.0,1.4,1.4,0.2,0.0,0.4,0.364,0.714,0.6,-4.332194305161814,372
10360.0,andre jackson,2.0,3.5,0.0,0.0,0.0,0.5,0.0,0.0,,,0.0,-4.38659794681517,373
10473.0,dario saric,3.0,9.3,1.7,1.7,0.7,0.0,0.0,0.3,0.2,1.0,0.3,-4.433790762816748,374
10418.0,nolan traore,2.0,15.0,3.5,0.5,2.0,1.0,0.0,1.0,0.25,0.5,1.0,-4.436047842907678,375
10155.0,caris levert,3.0,18.3,5.7,1.0,2.0,0.3,0.0,0.7,0.333,0.6,1.0,-4.502970545032079,376
10457.0,nick smith,2.0,15.0,4.5,2.0,2.0,0.0,0.5,0.5,0.273,0.667,1.5,-4.512436631938997,377
10387.0,trey jemison,1.0,8.0,0.0,2.0,0.0,0.0,0.0,0.0,,,0.0,-4.51585842448815,378
10503.0,chaz lanier,5.0,6.4,2.2,0.2,0.4,0.2,0.0,0.6,0.364,,0.2,-4.5234093578797445,379
10348.0,gary harris,2.0,3.0,0.0,0.5,1.0,0.0,0.0,0.0,,,0.0,-4.562593019430661,380
10547.0,ryan nembhard,3.0,9.0,3.3,0.3,1.7,0.0,0.0,0.0,0.444,1.0,1.7,-4.563902427546787,381
10346.0,oso ighodaro,7.0,17.4,5.1,3.1,1.3,0.1,0.4,0.0,0.5,0.5,1.7,-4.620689880822553,382
10394.0,jaesean tate,2.0,8.0,2.0,1.0,0.0,0.5,0.0,0.0,0.4,,0.5,-4.637791892657008,383
10318.0,larry nance,7.0,17.1,4.1,3.7,1.6,0.4,0.1,0.6,0.308,0.333,0.6,-4.678689249853952,384
,kobe sanders,2.0,4.5,1.0,0.5,0.5,1.0,0.0,0.0,0.25,,0.5,-4.70666972127769,385
,hunter dickinson,1.0,5.0,2.0,0.0,0.0,0.0,1.0,0.0,0.5,,2.0,-4.768658473099584,386
10488.0,bronny james,4.0,11.5,0.5,0.8,1.3,1.0,0.3,0.0,0.143,,1.0,-4.775157876037227,387
10305.0,kevon looney,1.0,16.0,3.0,3.0,2.0,0.0,1.0,0.0,0.333,0.5,2.0,-4.788913335021036,388
10070.0,jakob poeltl,4.0,23.0,6.5,5.3,2.3,0.3,0.5,0.0,0.591,0.0,2.0,-4.799009913255791,389
,taelon peter,4.0,7.8,1.5,0.5,0.3,0.3,0.0,0.3,0.25,1.0,0.8,-4.810338757010052,390
,ben saraf,5.0,18.2,3.2,2.2,3.2,0.4,0.0,0.4,0.217,0.667,1.6,-4.87523643983359,391
10544.0,jacob toppin,2.0,3.0,1.0,0.0,0.0,0.0,0.0,0.0,0.5,,0.0,-4.902449581769096,392
,pat spencer,3.0,5.0,1.3,0.7,0.3,0.3,0.0,0.0,0.333,,0.0,-4.905968009347708,393
,cam christie,3.0,6.3,3.0,1.3,0.3,0.0,0.0,0.7,0.286,0.75,0.3,-4.937048167157726,394
10352.0,rasheer fleming,4.0,4.8,1.3,1.0,0.5,0.3,0.0,0.3,0.222,,0.0,-5.040347147804051,395
10239.0,justin champagnie,5.0,4.2,1.2,2.0,0.2,0.0,0.0,0.0,0.125,1.0,0.0,-5.065254346019543,396
10446.0,christian koloko,2.0,3.0,0.0,0.5,0.0,0.0,0.0,0.0,,,0.0,-5.066796290273303,397
,moussa cisse,2.0,2.0,0.0,0.0,0.0,0.0,0.0,0.0,,,0.0,-5.250442245535021,398
,sidy cissoko,1.0,1.0,0.0,0.0,0.0,0.0,0.0,0.0,,,0.0,-5.250442245535021,398
,pacome dadiet,1.0,1.0,0.0,0.0,0.0,0.0,0.0,0.0,,,0.0,-5.250442245535021,398
,mohamed diawara,2.0,0.5,0.0,0.0,0.0,0.0,0.0,0.0,,,0.0,-5.250442245535021,398
10452.0,caleb houstan,2.0,1.5,0.0,0.0,0.0,0.0,0.0,0.0,,,0.0,-5.250442245535021,398
10540.0,orlando robinson,1.0,2.0,0.0,0.0,0.0,0.0,0.0,0.0,,,0.0,-5.250442245535021,398
,jahmyl telfort,1.0,3.0,0.0,0.0,0.0,0.0,0.0,0.0,,,0.0,-5.250442245535021,398
,jamir watkins,1.0,0.0,0.0,0.0,0.0,0.0,0.0,0.0,,,0.0,-5.250442245535021,398
10424.0,jett howard,5.0,4.8,1.2,0.4,0.6,0.0,0.2,0.4,0.25,,0.2,-5.272232411696928,399
,david jones garcia,3.0,3.7,3.0,1.0,1.3,0.0,0.0,0.0,0.571,0.333,0.0,-5.31457101455788,400
10449.0,kevin love,1.0,14.0,3.0,5.0,5.0,0.0,0.0,0.0,0.0,0.75,2.0,-5.322036083944047,401
10542.0,ron harper,2.0,5.5,1.0,1.5,1.5,0.0,0.0,0.0,0.2,,0.0,-5.336542188512095,402
,luke travers,3.0,8.0,0.7,1.7,0.7,0.0,0.3,0.0,0.0,1.0,0.3,-5.403241346284966,403
10454.0,micah peavy,3.0,6.0,2.7,1.3,1.0,0.3,0.0,0.3,0.333,0.5,0.3,-5.4526796833298254,404
,yang hansen,5.0,5.8,1.8,0.8,0.0,0.0,0.4,0.0,0.222,0.833,0.6,-5.573887627306062,405
,jahmir young,2.0,5.0,1.0,0.5,1.0,0.0,0.0,0.0,0.333,,0.5,-5.700487228496918,406
,sharife cooper,2.0,2.0,0.0,0.0,0.0,0.0,0.0,0.0,,,0.5,-5.7669857575062595,407
10487.0,isaac jones,3.0,5.7,1.0,0.7,0.3,0.0,0.0,0.0,0.5,0.5,0.0,-5.7857881555700725,408
10303.0,julian strawther,3.0,5.0,3.0,1.3,0.7,0.0,0.0,0.3,0.375,0.5,0.3,-5.839307255352409,409
10128.0,andrew nembhard,1.0,17.0,4.0,1.0,4.0,0.0,0.0,0.0,0.0,1.0,2.0,-5.942875952364526,410
,spencer jones,4.0,3.8,0.5,0.3,0.0,0.5,0.0,0.0,0.333,,1.0,-5.996103153747673,411
10367.0,gg jackson,2.0,9.0,2.5,1.0,0.0,0.5,0.0,0.0,0.286,0.5,0.0,-6.009404657994909,412
10502.0,bryce mcgowens,3.0,4.0,1.3,0.0,1.0,0.0,0.0,0.0,0.0,1.0,0.0,-6.108980946411941,413
10255.0,tristan vukcevic,5.0,5.8,2.2,1.0,0.2,0.0,0.2,0.2,0.364,0.5,0.4,-6.158900125130964,414
,miles kelly,1.0,2.0,0.0,0.0,0.0,0.0,0.0,0.0,,,1.0,-6.283529269477498,415
10372.0,dalen terry,3.0,3.0,1.0,0.0,0.0,0.0,0.0,0.3,0.2,,0.0,-6.34489823619003,416
10403.0,aj johnson,4.0,4.0,0.5,0.5,0.3,0.0,0.0,0.0,0.2,,0.0,-6.374133083098739,417
,chris manon,2.0,3.5,0.0,1.0,0.0,0.0,0.5,0.0,0.0,,0.0,-6.533165901444734,418
10397.0,pat connaughton,3.0,6.3,3.3,0.3,0.3,0.0,0.3,0.7,0.571,0.0,0.3,-6.656144700097797,419
10500.0,jevon carter,1.0,12.0,0.0,0.0,2.0,0.0,0.0,0.0,0.0,,0.0,-6.926778789508081,420
10518.0,hunter tyson,2.0,3.5,0.0,2.5,0.0,0.0,0.0,0.0,0.0,,0.0,-7.016955554884776,421
10390.0,maxime raynaud,2.0,7.5,0.0,2.5,1.0,0.0,0.0,0.0,0.0,,0.5,-7.029295796013373,422
10304.0,thomas bryant,4.0,6.8,2.0,1.5,0.3,0.3,0.5,0.0,0.364,0.0,0.0,-7.0418576351328905,423
10347.0,johnny juzang,3.0,2.3,1.3,0.3,0.0,0.0,0.0,0.3,0.25,0.5,0.0,-7.197038956889932,424
10358.0,jeremiah robinson earl,1.0,6.0,0.0,1.0,0.0,0.0,0.0,0.0,0.0,,0.0,-7.567893420669929,425
10241.0,karlo matkovic,4.0,4.3,1.5,1.0,0.0,0.0,0.3,0.0,0.5,0.0,0.0,-7.584811845902335,426
10416.0,jase richardson,5.0,4.2,0.6,0.2,0.8,0.0,0.0,0.0,0.25,0.5,0.4,-7.633884147889186,427
10539.0,joe ingles,2.0,2.0,0.0,0.0,0.5,0.0,0.0,0.0,0.0,,0.0,-7.683083695772044,428
,thanasis antetokounmpo,1.0,2.0,0.0,0.0,0.0,0.0,0.0,0.0,0.0,,0.0,-7.935185331193365,429
10536.0,tyson etienne,1.0,5.0,0.0,0.0,0.0,0.0,0.0,0.0,0.0,,0.0,-7.935185331193365,429
10256.0,bogdan bogdanovic,2.0,16.5,1.0,3.0,0.5,0.0,0.0,0.0,0.111,,2.5,-8.38912131580077,430
,mark sears,1.0,7.0,0.0,0.0,0.0,0.0,0.0,0.0,0.0,,1.0,-8.968272355135841,431
