Rk,Player,Age,Team,Pos,G,GS,MP,FG,FGA,FG%,3P,3PA,3P%,2P,2PA,2P%,eFG%,FT,FTA,FT%,ORB,DRB,TRB,AST,STL,BLK,TOV,PF,PTS,Awards
1,Luka Dončić,26.0,LAL,PG,17.0,17.0,37.1,10.8,22.9,0.472,3.6,10.7,0.335,7.2,12.2,0.591,0.55,9.8,12.1,0.81,0.8,8.4,9.2,9.1,1.5,0.6,4.4,2.5,35.0,
2,Shai Gilgeous-Alexander,27.0,OKC,PG,23.0,23.0,33.3,10.8,19.4,0.556,2.2,5.0,0.443,8.6,14.4,0.595,0.613,9.0,10.2,0.881,0.5,4.3,4.7,6.4,1.4,0.7,1.7,2.0,32.8,
3,Tyrese Maxey,25.0,PHI,PG,23.0,23.0,39.9,10.7,22.9,0.467,3.7,9.3,0.391,7.0,13.6,0.519,0.546,6.4,7.3,0.881,0.3,4.4,4.7,7.2,1.7,0.9,2.7,2.3,31.5,
4,Donovan Mitchell,29.0,CLE,SG,23.0,23.0,34.3,10.6,21.1,0.502,4.0,10.4,0.385,6.6,10.7,0.615,0.597,5.3,6.3,0.836,1.0,3.9,4.8,5.5,1.4,0.3,3.4,2.4,30.5,
5,Nikola Jokić,30.0,DEN,C,23.0,23.0,34.9,10.5,17.1,0.612,2.1,5.0,0.414,8.4,12.1,0.694,0.673,6.1,7.2,0.855,3.0,9.3,12.3,11.0,1.3,0.8,3.5,2.8,29.2,
6,Jaylen Brown,29.0,BOS,SF,23.0,23.0,33.7,10.7,21.6,0.496,2.1,5.9,0.363,8.6,15.7,0.546,0.545,5.6,7.1,0.785,1.2,5.0,6.2,4.9,1.1,0.4,3.6,3.1,29.1,
7,Giannis Antetokounmpo,31.0,MIL,PF,17.0,17.0,29.1,11.1,17.3,0.639,0.6,1.4,0.435,10.5,15.9,0.657,0.656,6.2,9.8,0.635,3.3,6.8,10.1,6.1,0.9,0.9,3.3,2.8,28.9,
8,Austin Reaves,27.0,LAL,SG,20.0,20.0,36.8,8.6,16.9,0.509,2.9,7.7,0.37,5.8,9.2,0.625,0.593,8.4,9.6,0.874,0.8,4.7,5.5,6.7,1.1,0.2,3.4,2.2,28.4,
9,Anthony Edwards,24.0,MIN,SG,19.0,19.0,34.2,9.4,19.2,0.488,3.4,8.1,0.416,6.0,11.1,0.54,0.575,5.9,7.1,0.837,0.8,3.9,4.7,3.9,1.2,0.8,3.1,2.1,28.1,
10,Jalen Brunson,29.0,NYK,PG,21.0,21.0,34.7,9.8,20.8,0.471,2.7,7.4,0.359,7.1,13.4,0.534,0.535,5.7,6.7,0.857,0.5,2.6,3.1,6.4,0.8,0.0,2.3,2.3,28.0,
11,Stephen Curry,37.0,GSW,PG,16.0,16.0,31.1,9.1,19.4,0.471,4.7,12.0,0.391,4.4,7.4,0.602,0.592,4.9,5.4,0.919,0.3,3.4,3.7,4.0,1.3,0.6,3.1,2.2,27.9,
12,Lauri Markkanen,28.0,UTA,PF,22.0,22.0,35.1,9.2,19.5,0.472,3.0,8.3,0.361,6.2,11.2,0.555,0.549,6.2,6.8,0.907,2.2,4.4,6.5,2.0,0.8,0.4,1.2,1.7,27.6,
13,Cade Cunningham,24.0,DET,PG,21.0,21.0,36.4,9.5,21.0,0.452,1.9,6.4,0.299,7.6,14.7,0.519,0.498,6.5,7.8,0.84,1.5,4.9,6.4,9.3,1.5,0.8,3.9,3.3,27.5,
14,James Harden,36.0,LAC,PG,23.0,23.0,35.3,7.7,17.5,0.443,3.5,9.6,0.367,4.2,7.9,0.536,0.544,7.8,8.7,0.899,0.5,4.9,5.4,8.3,1.2,0.4,4.0,2.1,26.8,
15,Victor Wembanyama,22.0,SAS,C,12.0,12.0,34.7,9.3,18.4,0.502,1.7,4.8,0.345,7.6,13.6,0.558,0.548,6.0,7.0,0.857,2.0,10.9,12.9,4.0,1.1,3.6,3.6,3.7,26.2,
16,Deni Avdija,25.0,POR,SF,24.0,24.0,34.3,7.8,16.3,0.478,2.5,6.6,0.38,5.3,9.7,0.545,0.555,7.8,9.6,0.809,1.3,6.0,7.2,6.3,0.7,0.6,3.6,3.3,25.8,
17,Michael Porter Jr.,27.0,BRK,SF,19.0,19.0,32.8,9.3,18.7,0.496,3.5,9.0,0.392,5.7,9.7,0.592,0.59,3.8,4.6,0.818,1.2,6.4,7.6,3.2,0.9,0.3,2.2,2.2,25.8,
18,Kawhi Leonard,34.0,LAC,SF,14.0,14.0,31.7,9.1,18.4,0.492,2.3,5.9,0.39,6.8,12.6,0.54,0.554,4.9,5.1,0.972,0.6,4.9,5.5,3.0,1.9,0.4,1.9,1.5,25.4,
19,Kevin Durant,37.0,HOU,SF,19.0,19.0,35.3,8.8,17.4,0.505,1.7,4.5,0.384,7.1,12.9,0.547,0.554,5.9,6.7,0.89,0.3,4.5,4.8,3.9,1.0,0.6,2.8,2.5,25.3,
20,Devin Booker,29.0,PHO,SG,22.0,22.0,34.7,8.1,17.8,0.457,1.8,5.6,0.315,6.4,12.2,0.522,0.506,7.0,8.0,0.874,1.0,3.3,4.3,6.7,0.9,0.4,3.7,2.9,25.0,
21,De'Aaron Fox,28.0,SAS,PG,14.0,14.0,32.9,8.7,17.7,0.492,2.4,6.4,0.378,6.3,11.3,0.557,0.56,5.1,6.1,0.837,0.9,2.8,3.7,6.5,1.4,0.3,3.5,2.6,25.0,
22,Jamal Murray,28.0,DEN,PG,22.0,22.0,35.0,9.1,18.0,0.506,3.3,7.3,0.447,5.8,10.6,0.547,0.597,3.6,4.0,0.898,0.5,4.0,4.5,6.8,1.1,0.3,2.4,1.6,25.0,
23,Norman Powell,32.0,MIA,SG,19.0,19.0,30.5,8.2,16.2,0.505,3.0,6.7,0.445,5.2,9.4,0.547,0.598,5.5,6.3,0.867,0.4,3.2,3.6,2.4,1.1,0.3,1.9,2.5,24.8,
24,Pascal Siakam,31.0,IND,PF,22.0,22.0,34.2,8.9,18.5,0.482,1.8,4.9,0.37,7.1,13.6,0.522,0.531,4.9,7.2,0.679,1.6,5.5,7.1,4.1,1.2,0.5,2.2,3.0,24.5,
25,Tyler Herro,26.0,MIA,SG,5.0,5.0,31.4,8.6,16.4,0.524,3.0,6.2,0.484,5.6,10.2,0.549,0.616,3.6,3.8,0.947,0.6,4.0,4.6,2.2,1.2,0.6,1.2,1.4,23.8,
26,Jalen Johnson,24.0,ATL,SF,22.0,22.0,35.2,8.5,15.8,0.534,1.6,4.0,0.404,6.8,11.8,0.579,0.586,4.9,6.0,0.805,1.3,9.1,10.5,7.9,1.6,0.4,3.3,2.1,23.4,
27,Alperen Şengün,23.0,HOU,C,19.0,19.0,35.9,8.5,16.8,0.505,1.1,2.7,0.385,7.4,14.1,0.528,0.536,5.1,6.8,0.738,2.9,6.2,9.1,7.1,1.3,1.0,3.3,3.4,23.1,
28,Julius Randle,31.0,MIN,PF,23.0,23.0,33.6,7.7,15.7,0.494,1.7,5.0,0.351,6.0,10.7,0.561,0.55,5.7,6.9,0.835,1.5,5.7,7.3,5.9,1.0,0.2,2.7,2.5,23.0,
29,Franz Wagner,24.0,ORL,SF,24.0,24.0,33.4,7.8,15.9,0.49,1.5,4.2,0.36,6.3,11.8,0.535,0.537,5.6,6.8,0.823,1.5,4.6,6.1,3.7,1.2,0.4,1.8,2.2,22.7,
30,Karl-Anthony Towns,30.0,NYK,C,22.0,22.0,33.1,7.4,15.8,0.467,1.9,5.4,0.353,5.5,10.4,0.526,0.527,5.8,6.6,0.883,3.1,8.8,11.9,3.4,0.8,0.7,2.6,3.4,22.5,
31,Dillon Brooks,30.0,PHO,SF,17.0,17.0,31.4,8.3,18.1,0.459,2.3,7.4,0.31,6.0,10.6,0.564,0.523,3.4,4.1,0.841,0.9,2.3,3.2,1.9,1.6,0.1,2.4,3.7,22.3,
32,Keyonte George,22.0,UTA,PG,23.0,23.0,33.4,7.0,16.0,0.436,2.1,6.3,0.329,4.9,9.6,0.507,0.501,6.2,6.9,0.905,0.5,3.4,3.9,6.7,0.8,0.3,3.6,2.3,22.2,
33,Coby White,25.0,CHI,SG,7.0,5.0,29.3,6.7,15.6,0.431,2.3,7.6,0.302,4.4,8.0,0.554,0.505,6.4,8.0,0.804,0.3,2.4,2.7,5.4,0.6,0.0,3.0,2.1,22.1,
34,Zion Williamson,25.0,NOP,PF,10.0,10.0,30.9,7.4,14.5,0.51,0.0,0.3,0.0,7.4,14.2,0.521,0.51,7.3,10.1,0.723,2.3,3.3,5.6,4.0,1.6,0.5,3.1,2.3,22.1,
35,Kevin Porter Jr.,25.0,MIL,PG,6.0,6.0,28.8,7.2,12.8,0.558,3.5,5.7,0.618,3.7,7.2,0.512,0.695,4.0,4.5,0.889,0.5,3.0,3.5,5.8,2.2,0.3,2.3,1.7,21.8,
36,Cam Thomas,24.0,BRK,SG,8.0,8.0,28.3,6.6,16.5,0.402,2.0,5.6,0.356,4.6,10.9,0.425,0.462,6.1,7.0,0.875,0.4,1.0,1.4,2.6,0.5,0.1,2.0,1.9,21.4,
37,Brandon Ingram,28.0,TOR,SF,25.0,25.0,33.9,7.9,17.0,0.466,1.4,4.5,0.319,6.5,12.5,0.519,0.508,3.9,4.8,0.808,0.8,5.1,5.8,3.7,0.8,0.6,3.1,2.1,21.2,
38,Bennedict Mathurin,23.0,IND,SF,12.0,12.0,32.7,6.6,14.4,0.457,2.8,6.4,0.429,3.8,8.0,0.479,0.552,5.3,6.4,0.818,0.9,4.7,5.6,2.3,0.8,0.2,3.1,3.0,21.2,
39,Shaedon Sharpe,22.0,POR,SG,20.0,14.0,28.4,7.7,17.5,0.438,1.6,6.1,0.264,6.1,11.4,0.531,0.484,4.2,5.3,0.8,1.2,3.6,4.8,2.3,1.4,0.2,2.9,2.3,21.1,
40,Miles Bridges,27.0,CHO,PF,24.0,24.0,34.7,7.3,17.0,0.425,2.4,7.7,0.308,4.9,9.3,0.522,0.495,4.1,4.8,0.852,1.0,5.3,6.3,3.6,0.6,0.5,1.6,1.9,21.0,
41,Zach LaVine,30.0,SAC,SG,21.0,21.0,33.3,7.4,15.1,0.487,2.8,7.2,0.391,4.6,8.0,0.575,0.58,3.3,3.8,0.863,0.3,2.9,3.1,2.3,0.8,0.2,2.1,2.3,20.9,
42,Nickeil Alexander-Walker,27.0,ATL,SG,23.0,20.0,32.7,7.1,15.1,0.468,2.9,7.3,0.391,4.2,7.8,0.542,0.563,3.6,4.2,0.856,0.8,2.7,3.5,3.4,1.0,0.7,2.2,2.2,20.7,
43,Trey Murphy III,25.0,NOP,SF,22.0,22.0,35.6,7.0,15.0,0.468,2.8,7.8,0.363,4.2,7.3,0.581,0.562,3.6,4.0,0.92,1.5,5.0,6.5,3.5,1.7,0.2,2.2,2.3,20.5,
44,Paolo Banchero,23.0,ORL,PF,14.0,14.0,31.3,6.4,14.1,0.452,1.1,3.7,0.288,5.3,10.4,0.51,0.49,6.6,8.5,0.773,0.9,7.1,7.9,3.8,0.6,0.8,2.4,2.2,20.4,
45,Josh Giddey,23.0,CHI,PG,21.0,21.0,34.1,7.0,14.8,0.474,1.8,4.6,0.396,5.2,10.2,0.509,0.535,4.5,6.0,0.74,1.3,8.2,9.5,8.9,1.0,0.5,3.7,1.9,20.3,
46,Scottie Barnes,24.0,TOR,PF,25.0,25.0,33.8,7.6,15.0,0.509,1.4,3.5,0.398,6.2,11.5,0.544,0.556,3.3,3.9,0.847,2.1,5.8,8.0,5.3,1.4,1.6,2.4,3.1,20.0,
47,Anthony Davis,32.0,DAL,PF,10.0,10.0,29.3,8.0,15.3,0.523,0.7,2.1,0.333,7.3,13.2,0.553,0.546,2.9,4.2,0.69,3.0,7.2,10.2,3.2,1.2,1.6,1.7,2.1,19.6,
48,Jimmy Butler,36.0,GSW,SF,21.0,21.0,30.8,6.0,11.5,0.519,1.0,2.0,0.465,5.0,9.4,0.53,0.56,6.6,7.8,0.848,2.2,3.5,5.7,5.0,1.6,0.2,1.4,1.2,19.5,
49,Jerami Grant,31.0,POR,PF,23.0,11.0,29.7,5.7,13.0,0.438,2.3,6.0,0.394,3.3,7.0,0.475,0.528,5.7,6.7,0.857,1.1,2.7,3.8,2.7,0.8,0.6,2.0,3.0,19.5,
50,LaMelo Ball,24.0,CHO,PG,16.0,16.0,28.9,6.7,17.3,0.386,2.4,8.6,0.285,4.3,8.8,0.486,0.457,3.6,4.1,0.877,1.1,4.9,6.0,8.5,1.1,0.2,3.3,3.1,19.4,
51,RJ Barrett,25.0,TOR,SF,17.0,17.0,30.9,7.1,13.9,0.506,1.8,5.1,0.356,5.2,8.8,0.593,0.572,3.4,4.7,0.725,0.7,4.1,4.8,3.8,0.8,0.2,1.5,2.6,19.4,
52,Bam Adebayo,28.0,MIA,C,18.0,18.0,30.5,6.9,14.4,0.477,1.8,5.1,0.352,5.1,9.4,0.544,0.538,3.6,4.6,0.793,1.4,7.6,9.0,2.6,1.0,0.8,1.8,1.3,19.2,
53,Kristaps Porziņģis,30.0,ATL,C,13.0,12.0,25.9,6.4,12.8,0.497,1.8,5.1,0.364,4.5,7.8,0.584,0.569,4.5,5.3,0.855,1.5,4.2,5.6,3.1,0.5,1.6,0.9,3.4,19.2,
54,Alex Sarr,20.0,WAS,C,16.0,16.0,29.7,7.8,15.1,0.515,1.1,3.3,0.346,6.6,11.8,0.561,0.552,2.4,3.8,0.639,2.4,6.2,8.6,3.3,0.8,2.0,2.1,2.1,19.1,
55,Evan Mobley,24.0,CLE,PF,24.0,24.0,34.1,7.0,14.0,0.5,1.5,4.3,0.353,5.5,9.8,0.564,0.554,3.4,5.4,0.631,2.5,6.7,9.1,4.0,1.0,1.7,2.3,2.3,18.9,
56,Jalen Duren,22.0,DET,C,21.0,21.0,29.2,6.9,10.5,0.655,0.0,0.0,,6.9,10.5,0.655,0.655,5.1,6.8,0.754,4.2,7.3,11.5,1.8,0.8,1.0,2.6,3.3,18.8,
57,Aaron Gordon,30.0,DEN,PF,13.0,13.0,28.3,6.3,11.8,0.532,2.2,4.8,0.444,4.2,7.0,0.593,0.623,4.0,4.6,0.867,1.5,4.5,5.9,1.3,0.8,0.2,1.4,1.8,18.8,
58,Chet Holmgren,23.0,OKC,PF,20.0,20.0,28.9,7.1,12.4,0.575,1.4,3.9,0.364,5.7,8.5,0.671,0.632,3.0,3.8,0.787,1.5,6.6,8.1,1.7,0.7,1.5,2.1,3.2,18.6,
59,CJ McCollum,34.0,WAS,SG,22.0,22.0,30.0,6.6,15.0,0.442,3.0,7.5,0.402,3.6,7.5,0.482,0.542,2.3,2.9,0.797,0.5,2.5,3.0,3.4,0.7,0.3,1.6,2.3,18.6,
60,Desmond Bane,27.0,ORL,SG,24.0,24.0,33.0,6.5,14.9,0.439,1.6,5.0,0.325,4.9,9.9,0.496,0.493,3.5,3.8,0.934,1.3,3.1,4.4,4.5,0.8,0.3,2.1,3.0,18.3,
61,Joel Embiid,31.0,PHI,C,9.0,9.0,25.1,6.1,15.0,0.407,1.0,4.7,0.214,5.1,10.3,0.495,0.441,5.0,5.9,0.849,1.3,4.2,5.6,3.0,0.8,1.3,2.3,1.9,18.2,
62,Kon Knueppel,20.0,CHO,SF,24.0,23.0,33.5,6.3,13.7,0.459,3.4,8.4,0.403,2.9,5.3,0.547,0.582,2.1,2.3,0.909,1.0,4.5,5.5,3.3,0.8,0.2,2.4,2.3,18.0,
63,DeMar DeRozan,36.0,SAC,PF,23.0,23.0,33.0,6.5,13.0,0.498,0.8,2.0,0.383,5.7,11.0,0.52,0.528,4.1,4.6,0.896,0.5,2.6,3.0,3.5,1.3,0.2,1.1,2.0,17.9,
64,Ja Morant,26.0,MEM,PG,12.0,12.0,28.8,5.8,16.3,0.359,0.8,5.0,0.167,5.0,11.3,0.444,0.385,5.4,5.8,0.942,0.5,3.0,3.5,7.6,1.0,0.1,3.8,2.3,17.9,
65,Jalen Williams,24.0,OKC,SG,5.0,5.0,29.0,7.0,15.2,0.461,0.6,2.2,0.273,6.4,13.0,0.492,0.48,3.2,3.2,1.0,0.4,4.8,5.2,6.4,1.2,1.0,1.2,2.0,17.8,
66,Trae Young,27.0,ATL,PG,5.0,5.0,27.8,5.2,14.0,0.371,1.0,5.2,0.192,4.2,8.8,0.477,0.407,6.4,7.8,0.821,0.0,2.0,2.0,7.8,0.8,0.2,2.0,1.8,17.8,
67,Ryan Rollins,23.0,MIL,PG,25.0,24.0,32.3,6.8,14.2,0.476,2.3,5.8,0.39,4.5,8.4,0.536,0.556,1.7,2.2,0.782,0.8,3.4,4.2,6.0,1.6,0.3,2.6,2.8,17.5,
68,Derrick White,31.0,BOS,SG,23.0,23.0,33.2,6.1,15.5,0.393,3.1,9.1,0.338,3.0,6.3,0.473,0.493,2.2,2.7,0.836,0.8,3.3,4.1,5.3,1.5,1.3,1.7,2.0,17.5,
69,Amen Thompson,23.0,HOU,PG,21.0,21.0,36.0,6.8,14.2,0.477,0.4,2.1,0.205,6.3,12.1,0.524,0.492,3.4,4.3,0.8,2.5,4.5,7.0,5.1,1.4,0.5,2.7,2.6,17.4,
70,Grayson Allen,30.0,PHO,SG,15.0,15.0,31.3,5.9,13.1,0.449,3.6,8.5,0.422,2.3,4.5,0.5,0.587,1.9,2.4,0.806,0.5,2.4,2.9,3.9,1.6,0.3,1.7,2.4,17.3,
71,Stephon Castle,21.0,SAS,PG,13.0,13.0,32.0,5.9,11.9,0.497,0.9,3.8,0.24,5.0,8.1,0.619,0.535,4.5,6.5,0.694,1.5,4.3,5.8,7.5,1.7,0.4,4.0,3.6,17.3,
72,Cooper Flagg,19.0,DAL,SF,24.0,24.0,33.7,6.7,14.0,0.475,0.9,3.5,0.253,5.8,10.6,0.547,0.506,3.1,3.8,0.822,1.2,5.1,6.3,3.3,1.3,0.7,2.2,2.2,17.3,
73,Jordan Poole,26.0,NOP,PG,7.0,4.0,30.3,5.0,14.1,0.354,2.9,8.4,0.339,2.1,5.7,0.375,0.455,4.4,4.6,0.969,0.4,1.3,1.7,3.4,0.3,0.3,2.1,2.6,17.3,
74,Andrew Nembhard,26.0,IND,PG,15.0,15.0,30.9,5.6,13.2,0.424,1.8,5.1,0.351,3.8,8.1,0.471,0.492,4.2,4.9,0.851,0.3,1.7,2.0,6.3,0.9,0.2,2.3,2.5,17.2,
75,Domantas Sabonis,29.0,SAC,C,11.0,11.0,33.2,6.7,13.2,0.51,0.4,1.8,0.2,6.4,11.4,0.56,0.524,3.4,4.6,0.725,3.4,8.9,12.3,3.7,1.2,0.2,2.5,4.0,17.2,
76,Payton Pritchard,28.0,BOS,PG,24.0,24.0,32.4,6.3,14.0,0.449,2.7,8.0,0.34,3.6,6.0,0.593,0.546,1.8,2.1,0.86,1.1,3.2,4.3,5.0,0.8,0.1,1.3,1.8,17.1,
77,Jaren Jackson Jr.,26.0,MEM,C,22.0,22.0,29.3,6.2,13.4,0.464,1.5,4.6,0.333,4.7,8.8,0.534,0.522,3.0,3.8,0.786,0.9,4.1,5.0,1.9,0.8,1.0,2.0,4.0,17.0,
78,Kelly Oubre Jr.,30.0,PHI,SF,12.0,12.0,34.8,6.2,12.4,0.497,1.9,5.6,0.343,4.3,6.8,0.622,0.574,2.5,3.2,0.789,1.2,3.9,5.1,1.3,1.1,0.8,1.5,2.7,16.8,
79,Andrew Wiggins,30.0,MIA,SF,21.0,21.0,32.8,6.6,13.6,0.483,1.7,4.6,0.371,4.9,9.0,0.54,0.545,1.9,2.7,0.702,1.6,3.5,5.0,3.0,1.0,1.1,1.9,2.5,16.8,
80,Jrue Holiday,35.0,POR,PG,12.0,12.0,33.4,6.2,13.8,0.446,2.6,7.1,0.365,3.6,6.8,0.531,0.539,1.8,2.1,0.84,1.3,3.9,5.3,8.3,1.6,0.3,2.9,2.0,16.7,
81,Mikal Bridges,29.0,NYK,SF,23.0,23.0,34.3,6.5,12.2,0.53,2.3,5.5,0.413,4.2,6.7,0.626,0.623,1.3,1.6,0.806,1.2,3.4,4.6,4.3,2.0,1.1,1.0,2.3,16.5,
82,Quentin Grimes,25.0,PHI,SG,22.0,4.0,32.9,5.3,11.8,0.452,2.4,6.4,0.371,3.0,5.4,0.546,0.552,3.5,4.1,0.857,0.8,3.3,4.0,4.4,0.9,0.4,2.7,2.2,16.5,
83,Immanuel Quickley,26.0,TOR,PG,25.0,25.0,32.2,6.0,12.8,0.47,2.5,6.6,0.382,3.5,6.2,0.564,0.569,1.9,2.6,0.75,0.4,3.8,4.2,6.2,1.2,0.0,1.8,2.2,16.5,
84,Brandon Miller,23.0,CHO,SF,8.0,8.0,26.1,5.5,15.0,0.367,2.3,7.9,0.286,3.3,7.1,0.456,0.442,3.1,3.8,0.833,0.6,1.9,2.5,3.1,0.8,1.1,2.3,2.1,16.4,
85,Keegan Murray,25.0,SAC,PF,8.0,7.0,37.9,6.4,14.3,0.447,1.6,6.0,0.271,4.8,8.3,0.576,0.504,2.0,2.6,0.762,1.8,5.4,7.1,1.6,2.0,1.5,0.6,1.9,16.4,
86,Devin Vassell,25.0,SAS,SG,22.0,22.0,32.7,5.8,13.2,0.441,2.9,7.1,0.401,3.0,6.0,0.489,0.55,1.7,2.0,0.864,0.4,3.3,3.7,2.4,1.0,0.5,1.1,2.4,16.2,
87,LeBron James,41.0,LAL,SF,7.0,7.0,33.1,6.4,13.9,0.464,1.6,4.7,0.333,4.9,9.1,0.531,0.521,1.7,3.1,0.545,0.7,4.0,4.7,7.6,0.7,0.3,1.9,1.4,16.1,
88,De'Andre Hunter,28.0,CLE,SF,21.0,21.0,28.8,5.5,12.3,0.444,2.0,6.3,0.311,3.5,6.0,0.583,0.523,3.0,3.7,0.831,0.7,3.7,4.3,2.5,0.8,0.1,1.7,2.9,16.0,
89,Jaden McDaniels,25.0,MIN,PF,22.0,22.0,32.1,6.2,11.6,0.535,1.6,3.4,0.486,4.6,8.3,0.555,0.605,2.0,2.3,0.86,1.2,3.5,4.7,2.5,1.2,1.0,1.9,3.6,16.0,
90,Onyeka Okongwu,25.0,ATL,C,24.0,13.0,30.8,6.1,12.1,0.507,1.8,5.2,0.355,4.3,6.9,0.62,0.583,2.0,2.6,0.758,1.8,5.6,7.4,3.0,0.9,1.1,1.9,3.4,16.0,
91,OG Anunoby,28.0,NYK,PF,14.0,14.0,30.3,5.9,12.1,0.485,2.6,6.3,0.409,3.3,5.8,0.568,0.592,1.6,2.1,0.759,1.4,3.9,5.3,1.9,1.9,0.6,1.7,2.4,15.9,
92,Nikola Vučević,35.0,CHI,C,22.0,22.0,30.5,6.3,13.2,0.479,1.9,4.9,0.38,4.5,8.3,0.538,0.55,1.4,1.7,0.789,2.3,7.1,9.5,3.4,0.8,0.3,1.8,2.4,15.9,
93,P.J. Washington,27.0,DAL,PF,20.0,20.0,32.0,5.9,13.3,0.44,1.6,4.8,0.333,4.3,8.5,0.5,0.5,2.6,3.8,0.684,1.4,6.4,7.8,2.2,1.2,1.2,2.6,2.3,15.9,
94,Ivica Zubac,28.0,LAC,C,24.0,24.0,32.8,7.0,11.8,0.599,0.0,0.0,,7.0,11.8,0.599,0.599,1.8,2.6,0.71,3.5,8.1,11.6,2.6,0.5,0.9,2.0,2.7,15.9,
95,Jeremiah Fears,19.0,NOP,PG,24.0,22.0,28.0,5.9,13.3,0.441,1.3,3.4,0.366,4.6,9.9,0.466,0.488,2.8,3.5,0.798,0.7,2.7,3.4,3.0,1.5,0.2,2.3,1.9,15.8,
96,Jaime Jaquez Jr.,24.0,MIA,SF,23.0,0.0,29.4,6.3,12.2,0.516,0.3,1.5,0.229,6.0,10.7,0.557,0.53,2.9,3.7,0.767,1.4,4.6,6.0,5.1,0.7,0.3,2.1,2.3,15.8,
97,Jalen Green,23.0,PHO,SG,2.0,2.0,15.0,5.5,11.5,0.478,3.0,7.0,0.429,2.5,4.5,0.556,0.609,1.5,2.5,0.6,1.0,1.0,2.0,2.0,1.0,0.0,1.0,1.0,15.5,
98,Aaron Nesmith,26.0,IND,SF,11.0,11.0,30.5,4.9,13.4,0.367,2.8,7.5,0.373,2.1,5.8,0.359,0.473,2.8,3.5,0.795,1.5,2.9,4.5,1.5,0.8,0.3,0.7,2.5,15.5,
99,Collin Sexton,27.0,CHO,SG,21.0,10.0,25.2,5.2,10.7,0.489,1.2,3.4,0.366,4.0,7.3,0.545,0.547,3.8,4.3,0.879,0.4,1.8,2.2,4.2,0.7,0.2,2.5,1.9,15.5,
100,Deandre Ayton,27.0,LAL,C,21.0,21.0,29.5,7.1,10.0,0.706,0.0,0.0,,7.1,10.0,0.706,0.706,1.1,1.6,0.676,2.8,6.0,8.8,0.9,0.7,1.1,2.0,2.6,15.3,
101,Jabari Smith Jr.,22.0,HOU,PF,20.0,20.0,33.4,5.5,12.0,0.456,2.0,5.5,0.364,3.5,6.5,0.535,0.54,2.4,3.0,0.783,1.4,5.1,6.4,1.9,0.8,0.8,1.2,2.9,15.3,
102,Ayo Dosunmu,26.0,CHI,SG,20.0,7.0,27.8,5.5,10.5,0.519,1.9,4.0,0.475,3.6,6.5,0.546,0.61,2.4,2.8,0.857,0.4,2.3,2.7,3.2,0.6,0.3,1.4,1.8,15.2,
103,Kyshawn George,22.0,WAS,SF,20.0,20.0,31.5,5.4,11.5,0.47,2.5,5.5,0.45,3.0,6.1,0.488,0.576,1.9,2.6,0.745,0.8,5.1,5.9,4.8,1.1,0.9,3.4,4.2,15.2,
104,Tobias Harris,33.0,DET,PF,14.0,14.0,29.7,5.2,11.5,0.453,1.8,4.7,0.379,3.4,6.8,0.505,0.531,2.5,3.0,0.833,0.9,4.1,5.1,2.4,0.4,0.3,1.1,2.4,14.7,
105,Jalen Suggs,24.0,ORL,PG,19.0,19.0,25.2,5.1,11.1,0.455,1.9,5.9,0.33,3.1,5.2,0.596,0.543,2.6,2.9,0.891,0.8,3.0,3.8,4.7,1.9,0.6,2.7,3.2,14.6,
106,VJ Edgecombe,20.0,PHI,SG,20.0,20.0,34.6,5.4,13.1,0.414,1.9,5.1,0.376,3.5,8.0,0.438,0.487,1.7,2.2,0.767,1.8,3.9,5.7,4.0,1.3,0.5,1.8,3.2,14.4,
107,Walker Kessler,24.0,UTA,C,5.0,5.0,30.8,5.2,7.4,0.703,1.2,1.6,0.75,4.0,5.8,0.69,0.784,2.8,4.0,0.7,4.6,6.2,10.8,3.0,1.4,1.8,3.2,4.4,14.4,
108,Ajay Mitchell,23.0,OKC,SG,24.0,7.0,26.6,5.2,11.1,0.464,1.1,3.3,0.342,4.0,7.8,0.516,0.515,3.0,3.4,0.877,0.5,2.8,3.3,3.6,1.5,0.3,1.6,2.1,14.4,
109,Jarrett Allen,27.0,CLE,C,15.0,15.0,26.1,5.5,9.5,0.573,0.0,0.3,0.0,5.5,9.3,0.59,0.573,3.4,4.4,0.773,2.4,5.2,7.6,1.8,1.0,0.9,1.6,1.5,14.3,
110,Saddiq Bey,26.0,NOP,SF,23.0,15.0,29.0,5.0,11.3,0.448,1.9,5.3,0.35,3.2,5.9,0.537,0.531,2.2,3.0,0.739,1.8,4.1,5.9,2.2,1.0,0.1,0.7,1.1,14.2,
111,Paul George,35.0,PHI,PF,8.0,8.0,24.4,4.8,11.4,0.418,1.9,5.4,0.349,2.9,6.0,0.479,0.5,2.8,3.4,0.815,0.4,4.6,5.0,3.1,1.6,0.4,1.4,1.5,14.1,
112,Matas Buzelis,21.0,CHI,PF,23.0,23.0,28.6,5.0,10.9,0.464,1.5,4.6,0.33,3.5,6.3,0.563,0.534,2.3,2.9,0.818,1.2,4.5,5.7,1.6,0.9,1.4,2.1,2.8,14.0,
113,Darius Garland,26.0,CLE,PG,9.0,9.0,28.3,4.6,12.9,0.353,1.9,5.9,0.321,2.7,7.0,0.381,0.427,3.0,3.4,0.871,0.8,2.2,3.0,6.2,0.7,0.1,2.8,1.8,14.0,
114,Rui Hachimura,27.0,LAL,PF,22.0,22.0,33.1,5.4,10.1,0.536,2.0,4.2,0.462,3.5,5.9,0.589,0.633,1.2,1.6,0.75,0.8,3.0,3.9,0.8,0.5,0.2,1.0,1.7,14.0,
115,Obi Toppin,27.0,IND,PF,3.0,0.0,27.3,5.0,12.0,0.417,1.0,5.7,0.176,4.0,6.3,0.632,0.458,3.0,3.0,1.0,1.0,5.7,6.7,1.7,1.0,0.0,2.0,2.3,14.0,
116,Sam Merrill,29.0,CLE,SG,12.0,8.0,25.9,4.5,9.7,0.466,3.7,8.3,0.444,0.8,1.4,0.588,0.655,1.3,1.3,0.938,0.8,1.3,2.1,2.3,0.5,0.3,0.8,2.9,13.9,
117,Naz Reid,26.0,MIN,C,23.0,0.0,25.7,5.2,11.2,0.467,2.3,6.0,0.394,2.9,5.2,0.55,0.572,1.0,1.3,0.767,1.2,4.7,5.9,2.4,1.0,0.9,1.5,2.7,13.8,
118,Aaron Wiggins,27.0,OKC,SG,13.0,5.0,25.4,5.2,10.8,0.486,2.5,5.8,0.434,2.7,4.9,0.547,0.604,0.8,1.0,0.769,0.8,2.4,3.2,2.2,0.5,0.6,1.2,2.2,13.8,
119,Donte DiVincenzo,29.0,MIN,SG,23.0,23.0,31.3,4.3,10.3,0.422,3.1,8.0,0.393,1.2,2.3,0.519,0.574,1.8,2.2,0.84,0.8,3.2,4.0,3.7,1.1,0.4,1.3,2.3,13.7,
120,Nic Claxton,26.0,BRK,C,23.0,23.0,30.2,5.1,9.2,0.557,0.0,0.5,0.091,5.1,8.7,0.582,0.559,3.3,4.7,0.694,2.8,4.9,7.7,4.5,0.7,1.4,1.5,2.3,13.6,
121,Zach Edey,23.0,MEM,C,11.0,11.0,25.8,5.6,8.9,0.633,0.1,0.5,0.2,5.5,8.5,0.656,0.638,2.3,2.9,0.781,3.9,7.2,11.1,1.1,0.6,1.9,2.4,3.4,13.6,
122,De'Anthony Melton,27.0,GSW,PG,2.0,0.0,19.0,4.5,10.0,0.45,1.5,4.5,0.333,3.0,5.5,0.545,0.525,3.0,4.0,0.75,0.0,1.0,1.0,2.0,2.0,0.5,2.0,2.5,13.5,
123,Anfernee Simons,26.0,BOS,SG,24.0,0.0,23.6,4.8,10.8,0.44,2.5,6.1,0.401,2.3,4.7,0.491,0.554,1.4,1.6,0.872,0.4,1.9,2.3,2.5,0.5,0.2,1.1,2.0,13.4,
124,Russell Westbrook,37.0,SAC,SF,23.0,17.0,28.3,5.0,11.7,0.426,1.9,5.2,0.367,3.1,6.5,0.473,0.507,1.5,2.4,0.625,1.6,5.2,6.7,7.0,1.3,0.1,3.3,2.4,13.4,
125,Noah Clowney,21.0,BRK,PF,23.0,17.0,28.1,4.0,9.5,0.417,2.3,6.4,0.361,1.7,3.1,0.535,0.539,3.1,3.8,0.818,0.8,3.0,3.8,1.7,0.6,0.7,1.7,2.6,13.3,
126,Cedric Coward,22.0,MEM,SG,24.0,11.0,27.1,4.8,10.5,0.451,1.5,4.6,0.318,3.3,6.0,0.552,0.52,2.4,2.8,0.838,1.3,4.8,6.2,2.7,0.6,0.3,1.5,1.9,13.3,
127,Collin Gillespie,26.0,PHO,PG,23.0,4.0,26.9,4.7,10.6,0.443,3.0,7.0,0.429,1.7,3.6,0.47,0.584,1.0,1.1,0.846,1.0,2.8,3.7,4.9,1.2,0.3,1.8,1.4,13.3,
128,Malik Monk,27.0,SAC,SG,20.0,0.0,24.3,5.0,11.1,0.448,1.9,4.7,0.404,3.1,6.4,0.48,0.534,1.5,1.7,0.853,0.4,1.5,1.9,2.4,0.9,0.5,1.0,1.8,13.3,
129,Anthony Black,22.0,ORL,PG,24.0,4.0,28.0,4.7,10.4,0.454,1.1,3.6,0.314,3.6,6.8,0.528,0.508,2.6,3.8,0.692,0.7,3.3,3.9,3.1,1.3,0.6,2.1,2.4,13.2,
130,Tre Jones,26.0,CHI,PG,17.0,11.0,28.6,4.4,8.2,0.529,0.5,1.5,0.32,3.9,6.8,0.574,0.557,4.1,4.8,0.852,0.6,2.6,3.2,4.9,1.7,0.2,1.6,1.7,13.2,
131,Santi Aldama,25.0,MEM,PF,24.0,2.0,26.0,5.0,10.7,0.469,1.4,4.3,0.33,3.6,6.4,0.562,0.535,1.7,2.5,0.683,1.4,5.1,6.5,3.0,1.0,0.7,1.1,1.3,13.1,
132,Keldon Johnson,26.0,SAS,SF,22.0,0.0,24.4,5.0,8.7,0.573,0.8,2.6,0.31,4.2,6.1,0.687,0.62,2.2,2.8,0.774,2.0,4.5,6.5,1.8,0.8,0.1,1.0,1.9,13.0,
133,Reed Sheppard,21.0,HOU,SG,21.0,4.0,24.9,4.9,10.2,0.477,2.6,5.8,0.446,2.3,4.4,0.516,0.603,0.7,1.0,0.714,0.3,2.8,3.1,3.3,1.6,0.5,1.3,2.0,13.0,
134,Jaylon Tyson,23.0,CLE,SG,20.0,15.0,27.7,5.0,9.5,0.529,2.2,4.6,0.467,2.9,4.9,0.588,0.643,0.9,1.2,0.708,2.1,3.3,5.4,1.9,1.1,0.7,1.0,3.5,13.0,
135,Harrison Barnes,33.0,SAS,PF,22.0,22.0,30.9,4.5,9.3,0.485,2.3,5.5,0.425,2.2,3.8,0.571,0.61,1.6,1.8,0.875,0.9,2.6,3.5,2.3,1.1,0.2,1.3,1.6,12.9,
136,Isaiah Joe,26.0,OKC,SG,17.0,0.0,23.4,3.9,8.6,0.456,2.9,6.9,0.419,1.1,1.8,0.6,0.622,2.1,2.3,0.923,0.5,2.3,2.8,1.5,0.6,0.2,0.9,1.8,12.9,
137,Dylan Harper,19.0,SAS,SG,12.0,0.0,21.5,4.8,10.3,0.46,0.7,2.4,0.276,4.1,7.9,0.516,0.492,2.6,3.5,0.738,1.0,2.1,3.1,3.8,1.0,0.0,1.5,2.3,12.8,
138,Kyle Kuzma,30.0,MIL,PF,24.0,10.0,25.9,4.8,9.8,0.496,0.9,2.8,0.333,3.9,7.0,0.56,0.543,2.2,3.0,0.732,0.8,3.6,4.4,2.2,0.9,0.5,1.5,2.5,12.8,
139,Mark Williams,24.0,PHO,C,19.0,16.0,24.9,5.1,7.8,0.651,0.0,0.0,,5.1,7.8,0.651,0.651,2.5,3.3,0.762,3.3,5.4,8.7,1.0,1.4,0.8,1.2,2.7,12.7,
140,Naji Marshall,28.0,DAL,SF,25.0,6.0,27.5,4.2,8.2,0.517,1.0,3.1,0.312,3.3,5.1,0.641,0.576,3.1,3.9,0.804,0.9,4.0,5.0,2.5,1.2,0.1,1.1,2.1,12.6,
141,Myles Turner,29.0,MIL,C,25.0,25.0,28.7,4.2,9.6,0.438,2.3,5.9,0.392,1.9,3.7,0.511,0.558,1.9,2.6,0.727,1.0,4.6,5.7,1.7,0.9,1.6,1.1,2.8,12.6,
142,Brandin Podziemski,22.0,GSW,SG,25.0,11.0,27.7,4.4,9.9,0.441,2.0,4.9,0.398,2.4,5.0,0.484,0.54,1.8,2.4,0.767,0.7,4.0,4.7,3.0,1.2,0.2,1.5,2.1,12.5,
143,Toumani Camara,25.0,POR,PF,24.0,24.0,33.6,4.5,10.8,0.413,2.4,7.0,0.339,2.1,3.8,0.549,0.523,1.1,1.6,0.692,2.1,3.3,5.3,2.8,1.1,0.6,2.1,3.2,12.4,
144,Jonathan Kuminga,23.0,GSW,PF,17.0,13.0,25.6,4.5,10.4,0.438,0.9,2.9,0.32,3.6,7.4,0.484,0.483,2.4,3.2,0.741,1.6,4.7,6.3,2.6,0.3,0.4,2.5,1.8,12.4,
145,Duncan Robinson,31.0,DET,SF,22.0,22.0,31.8,4.1,9.4,0.437,3.0,7.5,0.402,1.1,1.9,0.571,0.597,1.2,1.6,0.771,0.4,2.6,3.0,2.0,1.0,0.3,0.7,2.5,12.4,
146,Dennis Schröder,32.0,SAC,PG,18.0,12.0,29.2,4.6,11.5,0.396,1.5,4.5,0.333,3.1,7.0,0.437,0.461,1.8,2.3,0.78,0.4,3.2,3.7,6.0,0.8,0.2,1.9,1.8,12.4,
147,John Collins,28.0,LAC,PF,24.0,15.0,27.1,4.8,9.5,0.498,0.9,3.0,0.31,3.8,6.6,0.582,0.546,1.8,2.3,0.796,1.3,3.5,4.8,0.7,0.8,0.6,1.5,2.3,12.2,
148,Tim Hardaway Jr.,33.0,DEN,SG,23.0,1.0,24.9,4.1,8.9,0.461,2.5,5.8,0.425,1.6,3.0,0.529,0.6,1.6,1.8,0.878,0.2,1.7,2.0,1.5,0.5,0.1,0.3,1.1,12.2,
149,Isaiah Hartenstein,27.0,OKC,C,19.0,19.0,27.8,5.3,7.8,0.671,0.0,0.2,0.0,5.3,7.6,0.69,0.671,1.7,2.6,0.64,3.3,7.4,10.7,3.4,1.3,0.8,2.1,2.8,12.2,
150,Jaylen Wells,22.0,MEM,SG,24.0,24.0,26.5,4.2,9.4,0.442,1.8,5.0,0.367,2.3,4.4,0.528,0.54,2.0,2.6,0.762,1.0,2.4,3.5,1.7,0.7,0.0,0.7,2.1,12.2,
151,Josh Hart,30.0,NYK,SF,22.0,8.0,29.3,4.5,8.9,0.5,1.5,3.9,0.384,3.0,5.0,0.591,0.584,1.6,2.0,0.818,1.8,6.1,7.9,5.0,1.3,0.3,2.0,2.5,12.0,
152,Derik Queen,21.0,NOP,C,24.0,12.0,24.5,4.5,9.4,0.48,0.1,0.7,0.118,4.4,8.7,0.51,0.484,3.0,3.8,0.789,1.8,4.5,6.3,3.6,1.0,0.7,2.2,3.3,12.0,
153,Kevin Huerter,27.0,CHI,SF,19.0,8.0,24.1,4.5,9.6,0.473,1.4,4.7,0.3,3.1,4.8,0.641,0.547,1.5,1.7,0.848,0.5,2.8,3.3,2.4,0.8,0.7,1.3,2.2,11.9,
154,Max Christie,22.0,DAL,SG,25.0,21.0,28.9,4.0,8.3,0.488,2.5,5.3,0.466,1.6,3.0,0.527,0.638,1.3,1.6,0.821,0.1,3.1,3.2,1.9,0.4,0.4,1.2,1.6,11.8,
155,Quenton Jackson,27.0,IND,PG,5.0,3.0,20.2,4.0,7.4,0.541,1.2,2.4,0.5,2.8,5.0,0.56,0.622,2.6,3.6,0.722,1.0,2.4,3.4,3.6,1.0,0.2,1.2,2.0,11.8,
156,Ausar Thompson,23.0,DET,SF,20.0,19.0,28.0,4.9,9.5,0.519,0.3,0.8,0.313,4.7,8.7,0.538,0.532,1.8,3.2,0.547,2.0,4.0,6.0,3.1,1.5,0.7,1.4,2.8,11.8,
157,Moses Moody,23.0,GSW,SG,23.0,13.0,24.9,3.7,9.0,0.406,2.4,6.2,0.392,1.2,2.8,0.438,0.541,1.9,2.3,0.846,0.8,2.4,3.2,1.4,0.9,0.7,1.2,1.9,11.7,
158,Wendell Carter Jr.,26.0,ORL,C,23.0,23.0,29.6,3.9,7.6,0.511,1.1,2.8,0.4,2.7,4.7,0.578,0.586,2.7,3.4,0.785,2.7,4.8,7.6,2.0,0.6,0.7,1.7,3.8,11.6,
159,Miles McBride,25.0,NYK,SG,20.0,9.0,27.0,4.0,9.1,0.436,2.8,6.2,0.444,1.2,2.9,0.421,0.588,1.0,1.2,0.792,0.7,1.9,2.6,2.5,0.7,0.3,0.8,1.8,11.6,
160,Kel'el Ware,21.0,MIA,C,24.0,16.0,24.6,4.5,8.4,0.535,1.0,2.4,0.421,3.5,6.0,0.579,0.594,1.6,2.0,0.809,3.2,7.1,10.3,0.6,1.0,1.3,1.1,1.9,11.6,
161,Tari Eason,24.0,HOU,PF,11.0,1.0,23.2,4.3,8.6,0.495,2.5,4.8,0.509,1.8,3.8,0.476,0.637,0.5,0.6,0.714,1.5,3.7,5.2,1.6,0.8,0.5,1.7,1.6,11.5,
162,Tre Johnson,19.0,WAS,SG,15.0,4.0,24.3,4.3,9.7,0.445,2.0,5.1,0.395,2.3,4.7,0.5,0.548,0.9,1.1,0.813,0.5,2.5,3.0,1.3,0.4,0.5,1.6,1.9,11.5,
163,Christian Braun,24.0,DEN,SG,11.0,11.0,29.5,4.4,8.8,0.495,0.5,2.5,0.214,3.8,6.3,0.609,0.526,2.1,2.6,0.793,1.6,2.7,4.4,3.0,0.8,0.3,1.3,2.2,11.4,
164,Bobby Portis,30.0,MIL,PF,25.0,2.0,21.7,4.6,9.8,0.467,1.7,3.8,0.447,2.9,6.0,0.48,0.553,0.6,0.9,0.609,1.1,4.5,5.6,1.4,0.4,0.1,1.1,1.6,11.4,
165,A.J. Green,26.0,MIL,SG,24.0,24.0,29.0,3.6,7.3,0.489,3.3,6.8,0.485,0.3,0.5,0.538,0.713,0.8,1.0,0.792,0.0,2.8,2.8,2.1,0.5,0.1,0.8,2.8,11.3,
166,D'Angelo Russell,29.0,DAL,PG,21.0,3.0,20.3,4.0,9.8,0.403,1.4,4.8,0.287,2.6,5.0,0.514,0.473,2.0,2.8,0.707,0.4,2.2,2.6,4.3,0.4,0.1,2.1,1.4,11.2,
167,Cameron Johnson,29.0,DEN,SF,22.0,22.0,30.0,3.9,8.5,0.452,1.8,4.5,0.394,2.1,4.0,0.517,0.556,1.6,2.0,0.8,0.8,2.6,3.4,2.3,0.7,0.3,1.1,2.3,11.1,
168,Zaccharie Risacher,20.0,ATL,SF,22.0,22.0,24.7,4.4,9.7,0.453,1.3,4.5,0.296,3.1,5.3,0.586,0.521,1.0,1.4,0.677,0.7,2.1,2.8,1.5,1.0,0.6,0.8,2.0,11.1,
169,Cam Spencer,25.0,MEM,SG,24.0,1.0,21.2,3.6,7.5,0.486,2.2,4.8,0.465,1.4,2.7,0.523,0.634,1.6,1.8,0.907,0.3,1.9,2.1,3.9,0.8,0.1,1.3,1.5,11.1,
170,Rudy Gobert,33.0,MIN,C,23.0,23.0,31.8,4.4,6.0,0.734,0.0,0.0,,4.4,6.0,0.734,0.734,2.1,3.9,0.539,3.5,6.7,10.2,1.9,0.4,1.5,1.6,3.0,11.0,
171,Klay Thompson,35.0,DAL,SF,23.0,8.0,21.8,3.9,10.6,0.366,2.7,7.7,0.354,1.1,2.8,0.4,0.496,0.5,0.7,0.8,0.3,2.3,2.6,1.3,0.3,0.3,0.8,1.1,11.0,
172,Julian Champagnie,24.0,SAS,SF,22.0,17.0,28.8,3.5,8.4,0.413,2.2,6.1,0.366,1.2,2.3,0.54,0.546,1.8,2.1,0.83,0.9,4.4,5.3,1.4,1.0,0.5,1.1,1.5,10.9,
173,Jock Landale,30.0,MEM,C,24.0,13.0,21.4,4.3,8.0,0.531,1.0,2.4,0.431,3.2,5.6,0.575,0.596,1.4,2.0,0.673,2.4,3.0,5.4,1.5,0.5,0.4,1.1,2.7,10.9,
174,Royce O'Neale,32.0,PHO,SF,23.0,19.0,29.7,3.7,8.9,0.42,3.0,7.3,0.408,0.7,1.6,0.472,0.588,0.3,0.4,0.7,0.8,4.4,5.3,2.9,1.2,0.2,1.3,2.5,10.8,
175,Brandon Williams,26.0,DAL,PG,23.0,9.0,21.6,3.7,9.6,0.391,0.6,3.0,0.191,3.2,6.6,0.48,0.42,2.8,3.5,0.8,0.6,1.8,2.4,4.1,1.4,0.2,1.8,1.7,10.8,
176,Dyson Daniels,22.0,ATL,SG,25.0,25.0,34.0,4.8,10.1,0.472,0.2,1.6,0.146,4.5,8.4,0.536,0.484,1.0,1.5,0.632,2.2,4.0,6.2,5.8,2.2,0.3,2.3,2.5,10.7,
177,Derrick Jones Jr.,28.0,LAC,SF,13.0,13.0,24.9,3.8,7.1,0.533,1.2,3.5,0.348,2.5,3.5,0.717,0.62,1.7,2.2,0.786,0.8,1.5,2.4,1.1,0.8,1.2,0.8,2.0,10.5,
178,Khris Middleton,34.0,WAS,SF,16.0,16.0,25.8,4.2,8.5,0.493,0.9,2.5,0.35,3.3,6.0,0.552,0.544,1.2,1.6,0.731,1.2,3.0,4.2,3.5,0.7,0.4,1.8,3.0,10.4,
179,Ace Bailey,19.0,UTA,SF,23.0,14.0,23.2,4.0,9.0,0.447,1.5,4.2,0.365,2.5,4.8,0.518,0.532,0.7,1.0,0.773,1.4,1.9,3.3,1.7,0.8,0.3,1.4,2.5,10.3,
180,Simone Fontecchio,30.0,MIA,SF,23.0,0.0,19.1,3.3,8.0,0.421,2.2,5.7,0.379,1.2,2.2,0.529,0.557,1.4,1.7,0.821,0.5,2.6,3.0,1.6,0.5,0.2,1.0,1.8,10.3,
181,Peyton Watson,23.0,DEN,SF,23.0,13.0,27.2,3.9,7.9,0.492,1.0,2.8,0.375,2.8,5.1,0.556,0.558,1.5,2.1,0.729,1.2,4.0,5.1,1.7,0.9,1.2,1.3,2.2,10.3,
182,Jakob Poeltl,30.0,TOR,C,18.0,18.0,26.1,4.3,6.3,0.69,0.0,0.0,,4.3,6.3,0.69,0.69,1.6,2.6,0.596,2.8,5.1,7.9,2.2,0.8,0.6,1.4,3.4,10.2,
183,Vit Krejci,25.0,ATL,PG,21.0,1.0,23.6,3.5,7.0,0.503,2.6,5.6,0.458,1.0,1.4,0.69,0.687,0.5,0.8,0.688,0.4,1.9,2.3,1.8,0.8,0.3,0.9,2.2,10.1,
184,Neemias Queta,26.0,BOS,C,22.0,22.0,24.2,4.5,6.8,0.658,0.0,0.1,0.0,4.5,6.6,0.671,0.658,1.2,2.0,0.628,3.2,5.0,8.2,1.7,0.7,1.4,0.8,3.1,10.1,
185,Donovan Clingan,21.0,POR,C,21.0,21.0,25.2,3.9,8.0,0.482,0.7,2.8,0.241,3.2,5.2,0.609,0.524,1.6,2.0,0.81,4.6,5.6,10.2,1.7,0.6,1.4,0.8,2.5,10.0,
186,Tristan Da Silva,24.0,ORL,SF,24.0,10.0,23.4,3.8,8.3,0.45,1.7,4.5,0.374,2.1,3.9,0.538,0.55,0.9,1.1,0.808,0.9,3.0,3.9,1.2,0.9,0.3,0.9,1.2,10.0,
187,A.J. Lawson,25.0,TOR,SG,1.0,0.0,13.0,4.0,8.0,0.5,2.0,3.0,0.667,2.0,5.0,0.4,0.625,0.0,0.0,,1.0,4.0,5.0,0.0,0.0,0.0,0.0,5.0,10.0,
188,Sandro Mamukelashvili,26.0,TOR,C,24.0,2.0,19.7,3.7,7.1,0.52,1.0,2.7,0.385,2.7,4.4,0.604,0.594,1.6,2.0,0.776,1.4,3.0,4.4,1.8,0.5,0.6,0.8,1.6,10.0,
189,Jalen Smith,25.0,CHI,C,18.0,0.0,17.1,3.7,7.7,0.486,1.6,4.3,0.377,2.1,3.4,0.623,0.591,0.9,1.3,0.739,1.8,4.0,5.8,1.2,0.3,0.7,1.0,2.0,10.0,
190,Isaiah Stewart,24.0,DET,C,21.0,7.0,22.5,3.8,7.0,0.534,1.0,2.4,0.412,2.8,4.6,0.598,0.605,1.5,2.1,0.727,1.8,4.2,6.0,1.1,0.2,2.0,1.2,3.2,10.0,
191,Jordan Clarkson,33.0,NYK,SG,23.0,0.0,19.8,3.7,8.6,0.426,1.2,4.2,0.292,2.4,4.4,0.554,0.497,1.3,1.6,0.833,0.9,1.1,2.0,1.7,0.4,0.2,1.2,2.1,9.8,
192,Davion Mitchell,27.0,MIA,PG,23.0,23.0,30.0,3.9,7.7,0.511,1.0,2.6,0.39,2.9,5.1,0.573,0.577,0.9,1.5,0.618,0.4,2.3,2.7,7.8,1.3,0.0,1.4,3.0,9.7,
193,Jarace Walker,22.0,IND,PF,23.0,12.0,26.4,3.2,9.3,0.343,1.4,4.7,0.306,1.7,4.6,0.381,0.42,2.0,2.4,0.804,0.6,4.4,5.0,2.2,0.6,0.4,2.0,1.8,9.7,
194,Kyle Filipowski,22.0,UTA,C,22.0,7.0,22.6,3.5,7.3,0.472,1.0,2.9,0.333,2.5,4.5,0.561,0.537,1.8,2.5,0.722,1.8,4.6,6.4,2.5,0.6,0.5,1.2,2.9,9.6,
195,Gary Trent Jr.,27.0,MIL,SG,25.0,14.0,27.8,3.3,8.4,0.392,2.2,5.9,0.365,1.1,2.4,0.459,0.522,0.9,1.2,0.793,0.1,1.2,1.3,1.8,0.8,0.1,0.8,1.7,9.6,
196,Ziaire Williams,24.0,BRK,SF,20.0,2.0,23.0,3.1,7.9,0.395,1.7,5.7,0.301,1.4,2.2,0.636,0.503,1.7,2.1,0.829,0.8,1.9,2.7,0.7,0.8,0.5,1.1,2.2,9.6,
197,Herbert Jones,27.0,NOP,SF,16.0,16.0,30.3,3.4,8.8,0.39,1.6,4.3,0.362,1.9,4.5,0.417,0.479,1.1,1.4,0.739,0.9,2.8,3.8,2.3,1.4,0.3,1.6,3.6,9.5,
198,T.J. McConnell,33.0,IND,PG,13.0,0.0,16.7,4.5,8.5,0.532,0.4,1.2,0.313,4.2,7.3,0.568,0.554,0.1,0.1,1.0,0.2,2.4,2.5,4.4,1.2,0.2,0.8,1.3,9.5,
199,Caris LeVert,31.0,DET,SG,18.0,0.0,20.4,3.2,6.9,0.464,1.4,3.4,0.419,1.8,3.5,0.508,0.568,1.4,2.4,0.605,0.3,1.4,1.7,2.8,0.6,0.5,1.4,1.3,9.3,
200,Landry Shamet,28.0,NYK,SG,15.0,6.0,20.9,2.8,6.2,0.452,1.9,4.4,0.424,0.9,1.8,0.519,0.602,1.8,2.3,0.794,0.5,1.5,2.0,1.2,0.4,0.2,0.5,1.3,9.3,
201,Marcus Smart,31.0,LAL,SG,14.0,9.0,26.8,3.0,7.4,0.408,1.1,4.5,0.254,1.9,2.9,0.65,0.485,2.1,2.3,0.938,0.6,1.6,2.3,2.9,1.8,0.3,1.9,2.9,9.3,
202,Bogdan Bogdanović,33.0,LAC,SG,10.0,2.0,25.4,3.2,8.2,0.39,1.7,5.1,0.333,1.5,3.1,0.484,0.494,1.1,1.3,0.846,0.3,2.9,3.2,3.2,0.7,0.1,1.3,2.7,9.2,
203,Tre Mann,24.0,CHO,PG,18.0,1.0,20.6,3.5,9.7,0.362,1.5,4.9,0.303,2.0,4.7,0.424,0.44,0.7,0.7,0.923,0.7,2.1,2.8,2.7,0.6,0.1,1.9,2.1,9.2,
204,Cam Whitmore,21.0,WAS,SF,21.0,0.0,16.9,3.7,8.0,0.456,0.8,2.7,0.286,2.9,5.4,0.54,0.503,1.1,1.5,0.742,0.9,1.9,2.8,0.7,0.7,0.4,0.9,1.2,9.2,
205,Jose Alvarado,27.0,NOP,PG,23.0,0.0,22.1,3.3,7.5,0.442,1.8,4.7,0.385,1.5,2.7,0.54,0.564,0.7,0.8,0.833,0.4,2.4,2.8,2.9,1.1,0.0,1.3,2.1,9.1,
206,Aaron Holiday,29.0,HOU,PG,16.0,0.0,17.1,2.9,6.3,0.455,1.8,4.2,0.433,1.1,2.1,0.5,0.599,1.5,1.7,0.889,0.1,0.9,1.0,1.2,0.5,0.2,0.9,1.3,9.1,
207,Ryan Kalkbrenner,24.0,CHO,C,22.0,21.0,25.5,3.8,4.7,0.798,0.0,0.0,0.0,3.8,4.7,0.806,0.798,1.4,1.9,0.756,2.8,3.9,6.7,0.5,0.7,1.9,1.2,1.9,9.0,
208,Pelle Larsson,24.0,MIA,SG,23.0,16.0,22.4,3.0,6.9,0.443,1.1,3.2,0.338,2.0,3.7,0.536,0.522,1.8,2.3,0.778,0.4,2.1,2.5,3.3,0.6,0.2,1.0,2.0,9.0,
209,Svi Mykhailiuk,28.0,UTA,SF,23.0,23.0,26.0,3.4,7.2,0.476,1.8,4.9,0.372,1.6,2.3,0.698,0.602,0.3,0.3,0.875,0.7,2.0,2.7,2.1,0.5,0.1,0.9,1.4,9.0,
210,Daniel Gafford,27.0,DAL,C,15.0,12.0,22.9,3.3,5.5,0.61,0.0,0.0,,3.3,5.5,0.61,0.61,2.3,2.9,0.791,2.3,4.1,6.4,1.3,0.9,1.4,1.4,2.7,8.9,
211,Corey Kispert,26.0,WAS,SF,17.0,2.0,19.9,3.1,6.1,0.505,1.6,3.9,0.403,1.5,2.1,0.694,0.636,1.2,1.7,0.724,0.4,2.1,2.5,1.7,0.5,0.2,0.6,1.1,8.9,
212,Jake LaRavia,24.0,LAL,PF,23.0,7.0,25.2,3.3,7.0,0.463,1.0,3.0,0.333,2.3,4.0,0.559,0.534,1.3,2.0,0.689,1.1,2.7,3.8,1.8,1.2,0.3,1.1,2.2,8.9,
213,Ryan Nembhard,22.0,DAL,PG,12.0,6.0,18.5,3.8,6.7,0.563,1.3,2.3,0.536,2.5,4.3,0.577,0.656,0.2,0.3,0.667,0.3,1.3,1.6,4.8,0.3,0.0,1.2,1.6,8.9,
214,Trendon Watford,25.0,PHI,PF,14.0,4.0,20.4,3.4,6.3,0.534,0.5,1.3,0.389,2.9,5.0,0.571,0.574,1.7,2.1,0.8,1.1,3.6,4.7,3.6,0.4,0.2,1.5,2.7,8.9,
215,Bilal Coulibaly,21.0,WAS,SG,12.0,12.0,27.2,2.8,7.6,0.374,0.9,3.4,0.268,1.9,4.2,0.46,0.434,2.3,2.9,0.771,0.5,3.5,4.0,3.0,1.3,1.0,1.8,2.7,8.8,
216,Moussa Diabaté,24.0,CHO,C,23.0,2.0,22.4,3.3,5.1,0.636,0.0,0.0,,3.3,5.1,0.636,0.636,2.2,3.1,0.704,3.7,4.1,7.8,1.2,0.7,1.0,0.8,2.5,8.7,
217,Brice Sensabaugh,22.0,UTA,SF,22.0,0.0,15.6,2.9,7.1,0.408,1.5,4.5,0.337,1.4,2.7,0.525,0.513,1.3,1.5,0.848,0.6,1.8,2.5,1.1,0.7,0.2,0.9,1.9,8.6,
218,Marvin Bagley III,26.0,WAS,PF,18.0,5.0,17.8,3.5,5.8,0.606,0.2,0.5,0.444,3.3,5.3,0.621,0.625,1.3,1.8,0.697,2.2,2.6,4.8,1.3,0.6,0.8,0.9,2.2,8.5,
219,Jordan Goodwin,27.0,PHO,PG,20.0,2.0,20.3,3.4,7.8,0.429,1.3,3.7,0.351,2.1,4.1,0.5,0.513,0.5,0.6,0.75,1.9,2.5,4.3,2.1,1.5,0.2,1.2,1.7,8.5,
220,Terance Mann,29.0,BRK,SG,21.0,21.0,26.3,3.1,7.0,0.442,1.0,2.8,0.339,2.1,4.2,0.511,0.51,1.3,1.6,0.824,1.5,1.9,3.4,3.5,0.7,0.1,1.0,2.6,8.5,
221,Jordan Miller,26.0,LAC,SF,4.0,0.0,13.5,2.3,4.8,0.474,1.3,2.5,0.5,1.0,2.3,0.444,0.605,2.8,3.0,0.917,0.8,1.5,2.3,0.8,0.5,0.0,0.8,0.8,8.5,
222,Tolu Smith,25.0,DET,PF,2.0,0.0,11.0,3.0,4.0,0.75,0.0,0.0,,3.0,4.0,0.75,0.75,2.5,3.5,0.714,2.0,3.5,5.5,1.0,0.5,0.5,0.5,1.0,8.5,
223,Cason Wallace,22.0,OKC,SG,23.0,23.0,28.1,3.2,7.4,0.435,1.6,4.1,0.379,1.7,3.3,0.507,0.541,0.4,0.6,0.769,0.7,2.3,3.0,2.5,2.3,0.3,1.1,2.1,8.4,
224,Egor Dёmin,19.0,BRK,PG,21.0,14.0,23.0,3.0,7.8,0.38,1.9,5.3,0.351,1.1,2.5,0.442,0.5,0.6,0.7,0.857,0.6,2.7,3.3,3.7,0.8,0.3,1.7,2.0,8.3,
225,Daniss Jenkins,24.0,DET,PG,19.0,6.0,17.9,3.2,7.1,0.444,0.8,2.5,0.34,2.3,4.6,0.5,0.504,1.2,1.6,0.733,0.6,1.3,1.9,3.5,1.0,0.1,1.4,1.3,8.3,
226,Bradley Beal,32.0,LAC,SG,6.0,6.0,20.2,3.0,8.0,0.375,1.2,3.2,0.368,1.8,4.8,0.379,0.448,1.0,1.3,0.75,0.3,0.5,0.8,1.7,0.5,0.0,1.5,2.3,8.2,
227,Jusuf Nurkić,31.0,UTA,C,22.0,17.0,24.1,3.3,7.4,0.451,0.3,1.5,0.219,3.0,5.9,0.508,0.472,1.2,2.4,0.519,2.3,6.9,9.2,3.7,1.5,0.4,2.5,3.1,8.2,
228,Isaac Okoro,25.0,CHI,SG,15.0,15.0,24.9,3.0,6.5,0.459,1.2,3.1,0.383,1.8,3.4,0.529,0.551,1.0,1.3,0.75,1.1,1.5,2.7,1.6,0.4,0.7,1.0,3.1,8.2,
229,Jonas Valančiūnas,33.0,DEN,C,23.0,0.0,12.5,3.3,5.8,0.567,0.1,0.4,0.222,3.2,5.4,0.592,0.575,1.5,1.9,0.773,1.3,3.3,4.6,1.2,0.2,0.6,1.0,1.8,8.2,
230,Isaiah Jackson,24.0,IND,C,23.0,14.0,19.0,3.1,5.1,0.615,0.0,0.0,,3.1,5.1,0.615,0.615,1.8,2.3,0.778,2.3,3.2,5.6,0.9,0.8,0.7,1.2,3.1,8.1,
231,Luguentz Dort,26.0,OKC,SF,15.0,15.0,29.1,2.8,7.3,0.382,1.6,5.1,0.312,1.2,2.2,0.545,0.491,0.8,0.9,0.923,1.2,2.7,3.9,1.1,1.0,0.4,0.7,3.1,8.0,
232,Ryan Dunn,23.0,PHO,SF,18.0,11.0,23.6,3.2,6.7,0.479,0.9,2.8,0.32,2.3,3.9,0.592,0.545,0.7,1.0,0.667,1.8,3.1,4.9,1.7,1.5,0.6,0.9,2.4,8.0,
233,Draymond Green,35.0,GSW,PF,20.0,20.0,28.2,2.9,7.6,0.382,1.6,4.7,0.333,1.4,3.0,0.458,0.484,0.7,1.1,0.619,0.8,5.3,6.1,5.5,0.8,0.9,3.0,3.6,8.0,
234,Buddy Hield,33.0,GSW,SG,25.0,2.0,18.8,3.0,7.3,0.404,1.4,4.7,0.305,1.5,2.6,0.585,0.503,0.7,0.7,0.944,0.7,1.9,2.6,1.6,0.9,0.1,1.0,1.4,8.0,
235,Ron Holland,20.0,DET,SF,24.0,5.0,21.0,3.0,7.4,0.401,0.8,2.8,0.265,2.2,4.5,0.486,0.452,1.3,1.7,0.78,0.8,2.5,3.3,1.6,1.7,0.3,1.4,2.4,8.0,
236,Caleb Love,24.0,POR,SG,16.0,0.0,18.0,2.9,9.0,0.326,1.4,5.5,0.261,1.5,3.5,0.429,0.406,0.7,0.9,0.786,0.6,2.1,2.8,1.9,0.4,0.0,0.8,1.3,8.0,
237,Tyrese Martin,26.0,BRK,SG,22.0,6.0,21.2,3.0,7.8,0.384,1.3,4.5,0.296,1.7,3.4,0.5,0.468,0.7,1.0,0.727,1.0,2.3,3.4,2.5,0.7,0.1,1.1,1.0,8.0,
238,Will Richard,23.0,GSW,SG,23.0,12.0,19.1,2.8,5.3,0.533,1.3,3.2,0.397,1.6,2.1,0.735,0.652,1.0,1.3,0.774,1.0,1.7,2.7,1.1,1.0,0.0,0.7,2.0,8.0,
239,Dominick Barlow,22.0,PHI,PF,14.0,11.0,26.3,3.0,6.1,0.494,0.4,1.7,0.25,2.6,4.4,0.59,0.529,1.4,1.7,0.833,2.1,3.4,5.6,2.0,0.8,1.1,1.2,2.3,7.9,
240,Danny Wolf,21.0,BRK,PF,9.0,0.0,15.7,2.6,5.8,0.442,1.3,3.0,0.444,1.2,2.8,0.44,0.558,1.4,1.6,0.929,0.8,3.1,3.9,1.8,0.1,0.2,1.4,1.2,7.9,
241,Bryce McGowens,23.0,NOP,SG,14.0,5.0,17.0,2.6,5.3,0.486,0.6,1.4,0.45,1.9,3.9,0.5,0.547,2.0,2.6,0.757,0.2,1.6,1.9,1.5,0.4,0.3,0.4,1.4,7.8,
242,Maxime Raynaud,22.0,SAC,C,15.0,1.0,16.4,3.1,6.1,0.516,0.3,0.9,0.308,2.9,5.2,0.551,0.538,1.3,1.5,0.826,1.0,3.1,4.1,0.9,0.3,0.5,0.6,1.9,7.8,
243,Nick Smith Jr.,21.0,LAL,SG,9.0,0.0,14.8,2.9,6.2,0.464,1.6,3.2,0.483,1.3,3.0,0.444,0.589,0.4,0.7,0.667,0.1,1.0,1.1,1.6,0.8,0.2,1.2,0.6,7.8,
244,Vince Williams Jr.,25.0,MEM,PG,19.0,11.0,22.2,2.7,7.8,0.349,1.2,4.4,0.277,1.5,3.5,0.439,0.426,1.2,1.5,0.786,0.8,3.6,4.4,5.3,0.9,0.6,2.3,2.1,7.8,
245,Jamaree Bouyea,26.0,PHO,PG,7.0,0.0,13.6,3.0,4.9,0.618,1.3,2.1,0.6,1.7,2.7,0.632,0.75,0.4,0.6,0.75,0.3,0.9,1.1,1.4,0.7,0.3,0.1,0.9,7.7,
246,Andre Drummond,32.0,PHI,C,22.0,11.0,21.7,3.1,5.7,0.544,0.5,1.3,0.379,2.6,4.4,0.594,0.588,1.0,1.6,0.629,3.3,6.0,9.4,0.8,0.7,0.9,0.9,2.2,7.7,
247,Kris Dunn,31.0,LAC,PG,24.0,18.0,26.3,3.0,6.2,0.483,0.8,2.4,0.345,2.2,3.8,0.571,0.55,0.8,1.1,0.741,0.9,1.9,2.8,2.7,1.7,0.2,1.2,2.3,7.7,
248,Jay Huff,27.0,IND,C,23.0,7.0,18.3,2.7,6.3,0.438,1.4,4.3,0.327,1.3,2.0,0.674,0.549,0.8,1.1,0.731,1.1,2.4,3.5,1.3,0.2,2.4,0.7,2.3,7.7,
249,Kentavious Caldwell-Pope,32.0,MEM,SG,24.0,13.0,21.9,2.5,6.5,0.382,1.2,3.4,0.346,1.3,3.2,0.421,0.471,1.5,1.6,0.921,0.4,1.9,2.3,3.1,0.7,0.2,1.3,1.0,7.6,
250,Jaden Ivey,23.0,DET,SG,9.0,0.0,13.9,2.4,5.7,0.431,1.1,2.7,0.417,1.3,3.0,0.444,0.529,1.6,1.8,0.875,0.7,2.0,2.7,1.1,0.2,0.1,1.1,1.2,7.6,
251,Nikola Jović,22.0,MIA,PF,18.0,1.0,19.3,2.6,6.6,0.39,0.9,3.3,0.283,1.6,3.2,0.5,0.462,1.6,2.2,0.718,0.6,3.1,3.7,2.8,0.6,0.4,1.9,2.2,7.6,
252,Luke Kennard,29.0,ATL,SG,22.0,0.0,20.7,2.6,5.5,0.479,1.5,3.3,0.438,1.2,2.2,0.542,0.612,0.9,1.0,0.952,0.5,1.5,2.0,2.3,0.9,0.0,1.0,1.3,7.6,
253,Luke Kornet,30.0,SAS,C,14.0,9.0,24.9,2.9,4.4,0.661,0.0,0.0,,2.9,4.4,0.661,0.661,1.8,2.3,0.781,2.7,3.3,6.0,2.4,0.3,1.6,0.7,1.9,7.6,
254,Kyle Anderson,32.0,UTA,SF,8.0,0.0,18.3,3.0,5.6,0.533,0.1,0.1,1.0,2.9,5.5,0.523,0.544,1.4,1.9,0.733,0.9,1.9,2.8,3.3,1.5,0.4,0.9,2.4,7.5,
255,Jared McCain,21.0,PHI,SG,14.0,0.0,18.0,2.9,7.5,0.381,1.4,4.0,0.357,1.4,3.5,0.408,0.476,0.4,0.4,0.833,0.1,1.8,1.9,1.7,0.8,0.0,0.9,1.4,7.5,
256,Precious Achiuwa,26.0,SAC,C,16.0,6.0,20.5,3.2,5.9,0.543,0.2,0.9,0.2,3.0,4.9,0.608,0.559,0.9,1.9,0.467,1.9,3.6,5.4,0.9,0.7,0.4,0.5,1.6,7.4,
257,Isaiah Collier,21.0,UTA,PG,15.0,1.0,20.4,2.4,4.7,0.514,0.3,0.9,0.385,2.1,3.8,0.544,0.55,2.3,3.1,0.723,0.2,1.7,1.9,5.1,0.5,0.3,2.1,1.7,7.4,
258,Quinten Post,25.0,GSW,PF,25.0,11.0,17.5,2.8,6.1,0.451,1.4,4.0,0.35,1.4,2.1,0.642,0.565,0.4,0.6,0.786,0.9,3.1,4.0,1.3,0.6,0.6,0.8,1.8,7.4,
259,Pat Spencer,29.0,GSW,PG,17.0,2.0,15.8,2.8,6.1,0.466,0.7,1.6,0.444,2.1,4.5,0.474,0.524,1.1,1.2,0.9,0.8,1.6,2.4,3.2,0.7,0.1,0.9,1.4,7.4,
260,Josh Minott,23.0,BOS,PF,23.0,9.0,19.1,2.7,5.2,0.513,1.3,2.8,0.446,1.4,2.3,0.593,0.634,0.7,1.0,0.773,1.6,3.0,4.7,1.3,0.7,0.5,0.7,1.7,7.3,
261,Sam Hauser,28.0,BOS,PF,24.0,4.0,22.3,2.5,6.7,0.366,2.1,5.8,0.364,0.3,0.9,0.381,0.525,0.1,0.2,0.75,0.7,2.7,3.4,1.4,0.7,0.3,0.5,1.3,7.2,
262,Nae'Qwan Tomlin,25.0,CLE,PF,16.0,2.0,17.0,2.8,5.8,0.489,0.4,2.0,0.188,2.4,3.8,0.65,0.522,1.2,1.6,0.731,1.8,1.7,3.4,0.6,0.9,0.8,0.4,2.2,7.2,
263,Patrick Williams,24.0,CHI,PF,22.0,1.0,20.9,2.5,6.7,0.367,1.5,3.6,0.405,1.0,3.1,0.324,0.476,0.8,1.2,0.667,0.8,2.5,3.3,1.3,1.0,0.3,1.0,1.8,7.2,
264,Jordan Walsh,21.0,BOS,PF,20.0,12.0,21.0,2.7,4.7,0.581,0.8,1.8,0.457,1.9,2.9,0.655,0.667,0.9,1.1,0.81,1.7,3.2,4.8,1.1,1.2,0.6,0.6,2.9,7.1,
265,Cole Anthony,25.0,MIL,PG,23.0,0.0,15.7,3.0,7.0,0.426,0.6,2.1,0.271,2.4,5.0,0.491,0.466,0.5,0.9,0.55,0.4,2.2,2.7,4.0,0.7,0.3,1.9,2.1,7.0,
266,Bub Carrington,20.0,WAS,PG,22.0,6.0,25.7,2.4,6.8,0.349,1.5,3.5,0.429,0.9,3.3,0.264,0.46,0.7,1.0,0.762,0.4,3.0,3.4,4.2,0.5,0.1,2.2,2.4,7.0,
267,Seth Curry,35.0,GSW,SG,2.0,0.0,16.0,3.0,4.5,0.667,1.0,2.0,0.5,2.0,2.5,0.8,0.778,0.0,0.0,,0.5,1.5,2.0,1.5,1.0,0.0,0.0,1.5,7.0,
268,Collin Murray-Boyles,20.0,TOR,PF,20.0,4.0,17.5,2.7,4.9,0.557,0.6,1.3,0.48,2.1,3.6,0.583,0.619,1.0,1.5,0.667,1.7,1.6,3.2,1.3,0.7,0.3,1.2,2.3,7.0,
269,Day'Ron Sharpe,24.0,BRK,C,22.0,0.0,16.2,2.6,4.3,0.6,0.2,0.8,0.278,2.4,3.5,0.675,0.626,1.6,2.7,0.593,2.0,3.3,5.4,1.8,0.8,0.5,1.8,2.1,7.0,
270,Jevon Carter,30.0,CHI,PG,14.0,0.0,14.3,2.2,5.4,0.408,1.7,4.1,0.421,0.5,1.4,0.368,0.566,0.7,0.7,1.0,0.4,1.1,1.4,1.2,0.8,0.0,0.6,1.1,6.9,
271,Kobe Sanders,23.0,LAC,SG,16.0,3.0,19.9,2.3,5.4,0.414,1.0,2.9,0.348,1.3,2.6,0.488,0.506,1.4,1.5,0.917,0.5,1.5,2.0,1.3,0.6,0.1,1.3,2.6,6.9,
272,Walter Clayton,22.0,UTA,PG,19.0,0.0,17.2,2.4,5.5,0.433,0.9,2.8,0.315,1.5,2.6,0.56,0.514,1.2,1.3,0.958,0.4,1.7,2.2,3.7,0.5,0.2,1.4,1.9,6.8,
273,Bruce Brown,29.0,DEN,SG,23.0,0.0,23.5,2.5,6.0,0.423,0.6,1.7,0.333,2.0,4.3,0.459,0.471,1.1,1.4,0.781,1.0,2.7,3.6,1.8,0.8,0.3,0.9,2.3,6.7,
274,Paul Reed,26.0,DET,C,18.0,2.0,11.9,2.8,4.4,0.646,0.3,0.7,0.462,2.5,3.7,0.682,0.684,0.7,1.1,0.6,2.0,2.6,4.6,1.2,0.8,0.7,1.1,1.6,6.7,
275,Steven Adams,32.0,HOU,C,17.0,5.0,21.8,2.4,4.4,0.533,0.0,0.0,,2.4,4.4,0.533,0.533,1.9,2.5,0.762,4.8,4.4,9.2,1.5,0.7,0.8,1.1,2.0,6.6,
276,Javonte Green,32.0,DET,SG,24.0,3.0,18.5,2.2,5.2,0.427,0.9,2.6,0.339,1.3,2.6,0.516,0.512,1.3,1.7,0.775,0.7,2.0,2.7,0.8,1.0,0.4,0.8,1.5,6.6,
277,Sion James,23.0,CHO,SG,24.0,13.0,26.1,2.0,5.0,0.412,1.2,3.2,0.368,0.9,1.8,0.488,0.529,1.3,1.5,0.865,0.5,2.6,3.1,1.5,0.8,0.5,1.0,1.7,6.6,
278,Gradey Dick,22.0,TOR,SG,25.0,0.0,16.1,2.2,5.2,0.412,0.9,2.9,0.319,1.2,2.4,0.525,0.5,1.3,1.5,0.842,0.4,1.6,2.0,0.7,0.6,0.1,0.4,1.2,6.5,
279,Dalton Knecht,24.0,LAL,SF,19.0,1.0,15.8,2.5,5.3,0.465,1.1,3.0,0.351,1.4,2.3,0.614,0.564,0.5,0.8,0.667,0.5,1.5,1.9,0.6,0.4,0.4,0.4,1.4,6.5,
280,Josh Okogie,27.0,HOU,SG,21.0,15.0,20.9,2.2,4.9,0.447,1.0,2.6,0.4,1.1,2.3,0.5,0.553,1.1,1.5,0.742,1.3,1.6,2.9,1.0,1.4,0.2,0.9,1.8,6.5,
281,Tidjane Salaün,20.0,CHO,PF,11.0,0.0,14.7,2.1,4.0,0.523,1.3,2.5,0.5,0.8,1.5,0.563,0.682,1.0,1.4,0.733,0.5,3.3,3.8,0.6,0.5,0.2,0.6,1.5,6.5,
282,Ben Sheppard,24.0,IND,SG,22.0,11.0,25.0,2.4,6.7,0.354,1.1,4.0,0.273,1.3,2.7,0.475,0.435,0.7,0.9,0.789,0.8,3.3,4.1,2.0,0.6,0.1,0.7,2.0,6.5,
283,Tristan Vukcevic,22.0,WAS,C,19.0,1.0,11.7,2.3,4.7,0.478,0.5,1.9,0.25,1.8,2.8,0.63,0.528,1.5,2.0,0.763,0.5,1.7,2.3,1.1,0.4,0.5,1.1,1.4,6.5,
284,Jeremy Sochan,22.0,SAS,PF,16.0,0.0,17.1,2.6,5.2,0.506,0.4,1.6,0.28,2.2,3.6,0.603,0.548,0.7,1.0,0.688,1.4,2.3,3.6,1.5,0.6,0.2,0.9,2.5,6.4,
285,Goga Bitadze,26.0,ORL,C,23.0,0.0,16.9,2.5,3.4,0.731,0.1,0.3,0.286,2.4,3.1,0.775,0.744,1.3,1.6,0.784,1.7,3.4,5.2,1.4,0.7,1.3,0.6,2.1,6.3,
286,Mac McClung,27.0,IND,SG,3.0,0.0,11.3,2.3,6.0,0.389,0.7,3.3,0.2,1.7,2.7,0.625,0.444,1.0,1.3,0.75,0.0,1.3,1.3,0.3,1.7,0.3,0.7,2.0,6.3,
287,Drake Powell,20.0,BRK,SG,16.0,0.0,19.2,2.3,4.7,0.48,0.8,2.1,0.364,1.5,2.6,0.571,0.56,1.1,1.1,0.944,0.3,1.5,1.8,2.1,0.8,0.1,1.1,1.8,6.3,
288,Dru Smith,28.0,MIA,SG,24.0,1.0,17.2,2.2,5.1,0.434,0.8,2.2,0.358,1.4,2.9,0.493,0.512,1.1,1.4,0.788,0.9,1.7,2.6,2.9,1.4,0.3,1.0,1.6,6.3,
289,Justin Edwards,22.0,PHI,SF,20.0,5.0,17.2,2.2,5.4,0.407,1.3,3.5,0.362,1.0,2.0,0.487,0.523,0.5,0.6,0.909,0.6,1.3,1.9,1.4,0.7,0.3,0.9,1.9,6.2,
290,Kenrich Williams,31.0,OKC,PF,6.0,0.0,15.8,2.3,4.2,0.56,1.0,1.8,0.545,1.3,2.3,0.571,0.68,0.5,1.0,0.5,0.5,2.5,3.0,2.2,0.0,0.0,0.7,1.5,6.2,
291,Luka Garza,27.0,BOS,C,19.0,1.0,13.1,2.1,3.7,0.571,0.6,1.3,0.44,1.5,2.4,0.644,0.65,1.3,1.6,0.774,2.0,1.5,3.5,0.8,0.3,0.4,0.4,2.6,6.1,
292,Brook Lopez,37.0,LAC,C,18.0,0.0,14.1,2.2,5.5,0.394,1.3,3.8,0.353,0.8,1.7,0.484,0.515,0.4,0.6,0.727,0.2,1.6,1.8,0.5,0.3,0.8,0.8,1.8,6.1,
293,Taurean Prince,31.0,MIL,SF,8.0,0.0,21.1,2.1,4.8,0.447,1.5,3.5,0.429,0.6,1.3,0.5,0.605,0.4,0.4,1.0,0.0,1.6,1.6,1.0,0.8,0.3,0.6,2.5,6.1,
294,Jaden Hardy,23.0,DAL,SG,20.0,0.0,10.5,1.9,4.8,0.4,1.3,3.0,0.417,0.7,1.8,0.371,0.532,0.9,1.1,0.818,0.2,1.0,1.2,0.5,0.2,0.1,0.8,1.1,6.0,
295,Doug McDermott,34.0,SAC,SF,1.0,0.0,8.0,2.0,3.0,0.667,2.0,3.0,0.667,0.0,0.0,,1.0,0.0,0.0,,0.0,0.0,0.0,0.0,0.0,0.0,1.0,1.0,6.0,
296,Blake Wesley,22.0,POR,SG,6.0,0.0,16.3,2.3,5.7,0.412,0.3,1.7,0.2,2.0,4.0,0.5,0.441,1.0,1.7,0.6,0.3,2.0,2.3,3.2,1.7,0.2,1.2,2.3,6.0,
297,Yves Missi,21.0,NOP,C,17.0,6.0,20.2,2.6,4.7,0.55,0.0,0.0,,2.6,4.7,0.55,0.55,0.8,1.4,0.542,3.4,2.4,5.8,1.3,0.2,1.1,1.1,2.0,5.9,
298,Mouhamed Gueye,23.0,ATL,PF,25.0,3.0,17.2,2.4,4.9,0.496,0.6,2.1,0.269,1.9,2.8,0.662,0.553,0.4,0.7,0.5,1.2,2.6,3.8,1.0,0.6,0.6,0.7,1.8,5.8,
299,Jamal Shead,23.0,TOR,PG,25.0,0.0,19.3,1.8,5.1,0.362,0.9,2.6,0.333,1.0,2.4,0.393,0.449,1.3,1.6,0.821,0.4,1.4,1.8,5.1,1.2,0.1,1.2,2.0,5.8,
300,KJ Simpson,23.0,CHO,PG,11.0,1.0,15.1,2.1,5.8,0.359,0.8,2.5,0.333,1.3,3.4,0.378,0.43,0.8,1.3,0.643,0.4,1.8,2.2,2.4,1.0,0.0,1.6,1.0,5.8,
301,Alex Caruso,31.0,OKC,SG,15.0,0.0,18.8,2.0,5.0,0.4,1.1,3.2,0.354,0.9,1.8,0.481,0.513,0.5,0.7,0.8,0.3,2.1,2.4,2.5,1.6,0.3,1.0,1.1,5.7,
302,Drew Eubanks,28.0,SAC,C,23.0,11.0,15.3,2.4,3.9,0.622,0.0,0.1,0.5,2.4,3.8,0.625,0.628,0.7,1.5,0.5,0.8,2.2,3.0,0.3,0.5,0.7,0.9,1.4,5.7,
303,Al Horford,39.0,GSW,C,13.0,1.0,21.5,1.9,6.0,0.321,1.3,4.4,0.298,0.6,1.6,0.381,0.429,0.5,0.5,1.0,0.8,3.5,4.4,2.0,1.0,1.0,1.2,1.5,5.6,
304,Tyrese Proctor,21.0,CLE,PG,18.0,0.0,12.4,1.8,5.2,0.344,1.1,3.4,0.311,0.7,1.8,0.406,0.446,1.0,1.2,0.857,0.2,1.1,1.3,1.4,0.3,0.0,0.4,1.3,5.6,
305,Jaylin Williams,23.0,OKC,PF,23.0,3.0,18.5,1.8,5.0,0.353,1.3,4.3,0.296,0.5,0.8,0.667,0.478,0.8,1.2,0.643,0.5,4.3,4.7,2.4,0.7,0.5,1.1,1.9,5.6,
306,Robert Williams,28.0,POR,C,15.0,1.0,15.3,2.7,4.0,0.667,0.1,0.5,0.125,2.6,3.5,0.75,0.675,0.2,0.5,0.429,2.1,3.3,5.5,0.7,0.6,1.7,0.4,1.3,5.6,
307,Lonzo Ball,28.0,CLE,PG,18.0,3.0,23.6,1.8,6.3,0.292,1.4,5.2,0.266,0.4,1.1,0.421,0.403,0.4,0.7,0.667,0.9,3.7,4.6,4.9,1.2,0.3,1.8,1.8,5.5,
308,Zach Collins,28.0,CHI,C,2.0,0.0,19.5,2.0,6.0,0.333,0.5,2.0,0.25,1.5,4.0,0.375,0.375,1.0,1.5,0.667,2.5,2.5,5.0,1.0,0.0,0.5,0.0,2.0,5.5,
309,Mike Conley,38.0,MIN,PG,23.0,5.0,19.3,1.6,4.2,0.381,1.1,3.0,0.382,0.5,1.3,0.379,0.515,1.2,1.3,0.931,0.4,1.4,1.8,3.2,0.6,0.1,0.7,1.7,5.5,
310,Jordan Hawkins,23.0,NOP,SG,20.0,0.0,15.6,2.0,5.8,0.345,1.1,3.3,0.338,0.9,2.6,0.353,0.44,0.4,0.6,0.667,0.4,1.4,1.8,1.0,0.2,0.1,0.5,0.7,5.5,
311,Kevin Love,37.0,UTA,PF,14.0,0.0,14.6,1.7,4.1,0.414,1.1,3.1,0.349,0.6,1.1,0.6,0.543,1.0,1.3,0.778,1.3,3.0,4.3,1.8,0.3,0.4,0.8,1.6,5.5,
312,Kris Murray,25.0,POR,SF,22.0,2.0,24.7,2.2,4.9,0.449,0.5,2.0,0.279,1.6,2.9,0.563,0.505,0.5,0.8,0.667,1.8,2.0,3.8,1.1,1.1,0.3,0.9,2.0,5.5,
313,Jaxson Hayes,25.0,LAL,C,20.0,2.0,17.1,2.2,3.1,0.721,0.1,0.1,1.0,2.2,3.0,0.717,0.73,0.9,1.5,0.621,1.3,2.8,4.0,1.0,0.4,0.8,0.5,1.8,5.4,
314,Craig Porter Jr.,25.0,CLE,PG,22.0,0.0,17.2,2.2,4.3,0.511,0.6,1.5,0.424,1.5,2.8,0.557,0.585,0.4,0.7,0.533,1.4,1.8,3.2,2.3,1.0,0.6,0.7,1.3,5.4,
315,Ben Saraf,19.0,BRK,SG,12.0,5.0,16.9,1.8,5.2,0.355,0.8,2.8,0.273,1.1,2.4,0.448,0.427,1.0,1.3,0.8,0.4,1.2,1.6,2.8,0.7,0.3,1.9,1.3,5.4,
316,Keon Ellis,26.0,SAC,SG,22.0,2.0,16.4,1.8,4.5,0.408,1.3,3.2,0.394,0.5,1.2,0.444,0.551,0.4,0.7,0.563,0.2,1.0,1.3,0.5,1.1,0.4,0.4,1.7,5.3,
317,Jett Howard,22.0,ORL,SF,16.0,0.0,10.2,1.9,4.4,0.437,1.1,2.9,0.37,0.9,1.6,0.56,0.556,0.3,0.3,1.0,0.3,0.9,1.1,0.7,0.1,0.2,0.1,0.7,5.3,
318,Dean Wade,29.0,CLE,PF,23.0,3.0,22.2,1.8,4.8,0.373,1.0,3.5,0.296,0.7,1.3,0.586,0.482,0.7,1.0,0.696,0.9,2.9,3.8,1.6,0.8,0.6,0.3,1.9,5.3,
319,Ja'Kobe Walter,21.0,TOR,SG,22.0,7.0,16.5,1.8,4.4,0.402,1.1,2.8,0.387,0.7,1.6,0.429,0.526,0.5,0.7,0.75,0.8,1.3,2.1,0.8,1.0,0.1,0.7,2.0,5.2,
320,Taylor Hendricks,22.0,UTA,PF,13.0,3.0,14.5,1.8,4.4,0.404,0.7,2.1,0.333,1.1,2.3,0.467,0.482,0.8,1.2,0.733,1.4,2.2,3.6,0.5,0.4,0.3,0.5,0.5,5.1,
321,Gabe Vincent,29.0,LAL,PG,12.0,6.0,22.3,1.6,4.5,0.352,1.3,3.6,0.372,0.3,0.9,0.273,0.5,0.6,0.6,1.0,0.3,0.7,1.0,1.7,0.5,0.1,0.5,2.6,5.1,
322,Karlo Matković,24.0,NOP,PF,14.0,0.0,11.9,2.2,3.1,0.705,0.4,0.7,0.5,1.9,2.4,0.765,0.761,0.2,0.6,0.375,0.6,2.4,2.9,0.8,0.1,0.6,0.5,1.4,5.0,
323,Terrence Shannon Jr.,25.0,MIN,SG,14.0,0.0,13.6,1.6,3.8,0.415,0.7,1.7,0.417,0.9,2.1,0.414,0.509,1.1,1.5,0.762,0.2,1.3,1.5,0.8,0.3,0.0,0.9,1.5,5.0,
324,Matisse Thybulle,28.0,POR,SG,4.0,0.0,12.3,1.5,2.5,0.6,1.0,1.5,0.667,0.5,1.0,0.5,0.8,1.0,1.0,1.0,0.0,1.0,1.0,0.8,2.5,0.0,0.3,1.8,5.0,
325,Jalen Wilson,25.0,BRK,PF,18.0,0.0,14.4,1.6,4.4,0.354,1.0,3.0,0.333,0.6,1.4,0.4,0.468,0.9,1.2,0.762,0.1,0.9,1.0,0.6,0.2,0.0,0.6,1.3,5.0,
326,Tony Bradley,28.0,IND,C,21.0,3.0,11.8,2.0,3.3,0.586,0.0,0.0,0.0,2.0,3.3,0.594,0.586,1.0,1.4,0.724,1.6,1.0,2.7,0.6,0.1,0.2,0.4,2.1,4.9,
327,Sidy Cissoko,21.0,POR,SF,19.0,10.0,18.4,1.7,4.3,0.402,0.8,2.5,0.319,0.9,1.8,0.514,0.494,0.6,0.9,0.667,0.7,1.5,2.2,1.3,0.5,0.2,1.0,2.5,4.9,
328,Jaylen Clark,24.0,MIN,SG,21.0,0.0,14.9,1.7,3.9,0.432,0.7,2.0,0.349,1.0,1.8,0.526,0.525,0.8,1.2,0.654,1.1,1.2,2.3,0.4,0.8,0.1,0.3,1.8,4.9,
329,RayJ Dennis,24.0,IND,PG,13.0,0.0,12.9,1.7,5.5,0.306,0.9,2.9,0.316,0.8,2.6,0.294,0.389,0.6,0.7,0.889,0.6,1.0,1.6,2.0,0.2,0.3,1.1,1.2,4.9,
330,Liam McNeeley,20.0,CHO,SF,18.0,0.0,14.1,1.4,3.7,0.394,1.0,2.4,0.409,0.4,1.2,0.364,0.53,1.1,1.3,0.826,0.4,2.0,2.4,0.9,0.2,0.1,0.6,1.6,4.9,
331,Micah Peavy,24.0,NOP,SG,20.0,1.0,16.5,2.1,5.1,0.402,0.3,1.6,0.188,1.8,3.5,0.5,0.431,0.5,0.7,0.714,1.1,1.4,2.5,1.2,0.7,0.1,0.5,1.8,4.9,
332,Trey Alexander,22.0,NOP,SG,3.0,0.0,12.3,2.0,3.0,0.667,0.7,1.0,0.667,1.3,2.0,0.667,0.778,0.0,0.0,,0.0,1.3,1.3,1.3,0.3,0.3,0.3,1.3,4.7,
333,Justin Champagnie,24.0,WAS,SF,20.0,5.0,13.1,1.6,3.5,0.443,0.3,1.3,0.24,1.3,2.3,0.556,0.486,1.3,1.5,0.862,1.6,2.2,3.8,0.9,0.7,0.4,0.4,1.1,4.7,
334,Oso Ighodaro,23.0,PHO,PF,23.0,5.0,17.4,2.1,3.6,0.59,0.0,0.0,0.0,2.1,3.6,0.598,0.59,0.4,1.1,0.385,0.8,2.7,3.5,1.7,0.7,0.6,1.2,2.5,4.7,
335,Branden Carlson,26.0,OKC,C,16.0,0.0,9.9,1.9,3.6,0.526,0.7,1.8,0.379,1.2,1.8,0.679,0.623,0.2,0.4,0.429,0.5,1.7,2.2,0.7,0.1,0.6,0.3,1.0,4.6,
336,Spencer Jones,24.0,DEN,SF,19.0,8.0,15.9,1.7,2.9,0.571,0.7,1.6,0.452,0.9,1.3,0.72,0.696,0.5,0.7,0.643,1.2,0.8,2.1,0.7,0.6,0.2,0.6,2.3,4.6,
337,Asa Newell,20.0,ATL,PF,15.0,0.0,8.5,1.7,3.1,0.543,0.7,1.5,0.5,0.9,1.6,0.583,0.663,0.5,0.7,0.8,0.9,0.7,1.5,0.4,0.4,0.2,0.4,1.1,4.6,
338,Jeremiah Robinson-Earl,25.0,IND,PF,17.0,3.0,17.6,1.7,4.9,0.349,0.5,1.9,0.242,1.2,2.9,0.42,0.398,0.8,0.8,0.929,1.9,3.3,5.2,0.7,0.4,0.1,0.6,1.4,4.6,
339,Jabari Walker,23.0,PHI,PF,22.0,5.0,13.7,1.7,3.7,0.463,0.5,1.6,0.343,1.2,2.1,0.553,0.537,0.6,0.8,0.765,1.2,2.4,3.5,0.6,0.1,0.3,0.5,1.8,4.6,
340,DeAndre Jordan,37.0,NOP,C,2.0,1.0,11.5,2.0,2.5,0.8,0.0,0.0,,2.0,2.5,0.8,0.8,0.5,1.0,0.5,2.0,3.0,5.0,0.0,0.0,0.0,0.5,0.5,4.5,
341,Garrison Mathews,29.0,IND,SG,8.0,1.0,13.3,1.1,3.0,0.375,0.9,2.8,0.318,0.3,0.3,1.0,0.521,1.4,1.8,0.786,0.1,0.8,0.9,0.5,0.4,0.1,0.4,1.1,4.5,
342,Nicolas Batum,37.0,LAC,PF,24.0,2.0,19.4,1.4,3.8,0.378,1.3,3.5,0.376,0.1,0.2,0.4,0.556,0.3,0.3,0.857,0.5,2.3,2.8,0.8,0.9,0.4,0.7,1.9,4.4,
343,Cam Christie,20.0,LAC,SG,16.0,0.0,11.5,1.3,3.8,0.344,0.6,1.8,0.31,0.8,2.0,0.375,0.418,1.3,1.8,0.714,0.5,1.8,2.3,0.6,0.4,0.1,0.4,0.7,4.4,
344,Nique Clifford,23.0,SAC,SG,19.0,2.0,16.3,1.6,3.9,0.4,0.5,1.7,0.313,1.1,2.3,0.465,0.467,0.6,0.9,0.667,0.6,2.0,2.6,1.6,0.4,0.3,0.7,2.2,4.3,
345,Pat Connaughton,33.0,CHO,SG,12.0,0.0,9.7,1.5,3.1,0.486,0.8,2.0,0.375,0.8,1.1,0.692,0.608,0.5,0.8,0.667,0.3,1.6,1.9,0.6,0.4,0.1,0.3,0.4,4.3,
346,Trayce Jackson-Davis,25.0,GSW,C,15.0,1.0,12.7,1.7,3.1,0.532,0.0,0.0,,1.7,3.1,0.532,0.532,1.0,1.6,0.625,1.5,1.7,3.2,1.1,0.3,0.6,0.5,1.4,4.3,
347,Dereck Lively II,21.0,DAL,C,7.0,4.0,16.4,1.6,2.6,0.611,0.0,0.0,,1.6,2.6,0.611,0.611,1.1,1.4,0.8,2.0,3.3,5.3,1.9,0.6,1.6,1.4,3.0,4.3,
348,Javon Small,23.0,MEM,PG,8.0,0.0,12.4,1.3,3.5,0.357,0.8,2.4,0.316,0.5,1.1,0.444,0.464,1.0,1.3,0.8,0.1,0.9,1.0,2.8,0.0,0.1,1.0,0.9,4.3,
349,Ethan Thompson,26.0,IND,SG,3.0,0.0,14.7,1.7,2.7,0.625,1.0,2.0,0.5,0.7,0.7,1.0,0.813,0.0,0.0,,0.0,0.7,0.7,1.3,0.3,0.7,0.0,1.7,4.3,
350,Jarred Vanderbilt,26.0,LAL,PF,15.0,2.0,17.3,1.5,3.4,0.431,0.3,1.0,0.267,1.2,2.4,0.5,0.471,1.1,1.3,0.842,1.3,3.9,5.2,1.5,0.9,0.3,1.5,1.9,4.3,
351,Keaton Wallace,26.0,ATL,PG,23.0,2.0,14.6,1.6,3.9,0.4,1.0,2.5,0.404,0.6,1.4,0.394,0.528,0.2,0.4,0.5,0.0,1.5,1.5,2.8,0.7,0.1,0.7,1.4,4.3,
352,Eric Gordon,37.0,PHI,SG,5.0,0.0,11.4,1.6,2.6,0.615,1.0,1.6,0.625,0.6,1.0,0.6,0.808,0.0,0.0,,0.2,0.2,0.4,0.6,0.6,0.0,0.6,0.4,4.2,
353,Kelly Olynyk,34.0,SAS,C,12.0,0.0,10.8,1.3,2.7,0.5,0.4,1.3,0.313,0.9,1.3,0.688,0.578,1.1,1.4,0.765,0.8,1.8,2.6,1.6,0.3,0.0,0.9,1.8,4.2,
354,Olivier-Maxence Prosper,23.0,MEM,PF,13.0,0.0,9.4,1.2,2.8,0.405,0.1,0.7,0.111,1.1,2.2,0.5,0.419,1.7,1.8,0.917,0.8,1.6,2.4,0.5,0.2,0.1,0.4,0.6,4.1,
355,Gary Payton II,33.0,GSW,SG,24.0,1.0,12.3,1.8,3.8,0.478,0.3,1.2,0.276,1.5,2.5,0.574,0.522,0.1,0.1,1.0,0.9,2.2,3.0,1.6,0.6,0.3,0.7,1.5,4.0,
356,James Wiseman,24.0,IND,C,1.0,1.0,20.0,2.0,3.0,0.667,0.0,0.0,,2.0,3.0,0.667,0.667,0.0,0.0,,4.0,0.0,4.0,0.0,0.0,1.0,3.0,2.0,4.0,
357,Jamison Battle,24.0,TOR,SF,17.0,1.0,8.1,1.5,2.2,0.676,0.8,1.3,0.591,0.7,0.9,0.8,0.851,0.2,0.3,0.8,0.2,1.2,1.4,0.2,0.1,0.1,0.4,0.6,3.9,
358,Ousmane Dieng,22.0,OKC,C,16.0,0.0,12.6,1.4,3.4,0.418,0.7,1.8,0.393,0.8,1.7,0.444,0.518,0.4,0.4,1.0,0.4,1.3,1.7,0.9,0.1,0.3,0.4,1.1,3.9,
359,Keshad Johnson,24.0,MIA,SF,9.0,0.0,11.7,1.3,3.9,0.343,0.4,1.7,0.267,0.9,2.2,0.4,0.4,0.8,1.2,0.636,1.0,2.1,3.1,0.1,0.3,0.4,0.3,1.1,3.9,
360,Will Riley,19.0,WAS,SF,16.0,0.0,10.0,1.6,3.3,0.472,0.3,1.1,0.294,1.3,2.3,0.556,0.519,0.5,0.8,0.667,0.7,1.1,1.8,0.8,0.3,0.0,0.6,0.6,3.9,
361,Kobe Brown,26.0,LAC,PF,16.0,0.0,12.0,1.3,3.2,0.412,0.6,2.1,0.273,0.8,1.1,0.667,0.5,0.6,0.8,0.833,0.6,1.6,2.2,1.1,0.4,0.1,0.6,0.6,3.8,
362,Clint Capela,31.0,HOU,C,20.0,1.0,11.9,1.7,3.0,0.559,0.0,0.0,,1.7,3.0,0.559,0.559,0.5,0.8,0.667,2.7,2.3,4.9,0.5,0.5,0.8,0.5,1.1,3.8,
363,Duop Reath,29.0,POR,C,19.0,0.0,8.2,1.4,2.5,0.553,1.0,1.8,0.543,0.4,0.6,0.583,0.755,0.1,0.2,0.667,0.2,0.7,0.9,0.3,0.2,0.1,0.3,0.8,3.8,
364,Rob Dillingham,21.0,MIN,PG,21.0,0.0,10.1,1.5,4.2,0.348,0.3,1.0,0.286,1.2,3.2,0.368,0.382,0.4,0.6,0.692,0.2,0.9,1.1,2.0,0.7,0.1,1.0,1.0,3.7,
365,Tyler Kolek,24.0,NYK,PG,19.0,0.0,10.1,1.5,3.3,0.444,0.5,1.6,0.3,1.0,1.7,0.576,0.516,0.3,0.4,0.625,0.3,0.6,0.9,1.9,0.4,0.1,0.6,1.0,3.7,
366,Nick Richards,28.0,PHO,C,22.0,2.0,9.8,1.4,2.7,0.517,0.0,0.0,,1.4,2.7,0.517,0.517,0.9,1.3,0.679,1.3,2.0,3.3,0.3,0.1,0.5,0.9,1.4,3.7,
367,Mitchell Robinson,27.0,NYK,C,15.0,10.0,17.5,1.7,2.6,0.667,0.0,0.0,,1.7,2.6,0.667,0.667,0.2,1.1,0.176,4.6,3.8,8.4,0.9,0.8,0.9,0.7,2.2,3.7,
368,Julian Strawther,23.0,DEN,SG,9.0,0.0,7.9,1.2,3.3,0.367,0.2,1.8,0.125,1.0,1.6,0.643,0.4,1.0,1.4,0.692,0.0,1.6,1.6,0.4,0.0,0.1,0.3,0.7,3.7,
369,Malaki Branham,22.0,WAS,SG,11.0,0.0,8.0,1.0,2.5,0.393,0.2,1.0,0.182,0.8,1.5,0.529,0.429,1.5,1.8,0.8,0.5,1.2,1.6,0.9,0.2,0.1,0.5,0.5,3.6,
370,Bones Hyland,25.0,MIN,PG,14.0,0.0,8.5,1.4,2.9,0.488,0.6,1.8,0.32,0.9,1.1,0.75,0.585,0.2,0.3,0.75,0.1,0.9,1.1,1.3,0.4,0.0,0.6,1.1,3.6,
371,Larry Nance Jr.,33.0,CLE,PF,16.0,2.0,15.0,1.4,4.1,0.354,0.6,2.1,0.303,0.8,2.0,0.406,0.431,0.1,0.2,0.333,0.8,2.0,2.8,1.3,0.6,0.3,0.6,2.4,3.6,
372,Noah Penda,21.0,ORL,SF,13.0,0.0,8.8,1.3,2.7,0.486,0.5,0.8,0.6,0.8,1.9,0.44,0.571,0.5,0.8,0.636,1.6,1.6,3.2,1.1,0.1,0.2,0.5,0.9,3.6,
373,Ochai Agbaji,25.0,TOR,SG,17.0,1.0,14.0,1.4,3.6,0.393,0.1,1.2,0.1,1.3,2.4,0.537,0.41,0.5,0.7,0.75,0.5,1.5,1.9,0.7,0.4,0.2,0.3,1.8,3.5,
374,Charles Bassey,25.0,MEM,C,2.0,0.0,15.5,1.5,4.0,0.375,0.0,0.0,,1.5,4.0,0.375,0.375,0.5,1.5,0.333,3.5,4.0,7.5,1.0,0.5,0.5,0.5,2.5,3.5,
375,Adem Bona,22.0,PHI,C,17.0,3.0,16.1,1.3,2.4,0.55,0.1,0.2,0.333,1.2,2.2,0.568,0.563,0.8,1.4,0.583,1.5,2.2,3.7,0.2,0.4,1.5,0.7,1.9,3.5,
376,Jordan McLaughlin,29.0,SAS,PG,8.0,0.0,9.3,1.3,3.0,0.417,0.6,1.9,0.333,0.6,1.1,0.556,0.521,0.4,0.4,1.0,0.4,0.4,0.8,1.3,0.9,0.0,0.3,0.9,3.5,
377,Antonio Reeves,25.0,CHO,SG,6.0,0.0,8.8,1.3,2.7,0.5,0.8,1.7,0.5,0.5,1.0,0.5,0.656,0.0,0.0,,0.2,0.7,0.8,0.3,0.2,0.0,0.0,0.5,3.5,
378,Hugo González,19.0,BOS,SF,19.0,1.0,11.3,1.4,2.7,0.519,0.5,1.0,0.474,0.9,1.7,0.545,0.606,0.1,0.3,0.4,0.6,1.4,2.0,0.5,0.7,0.2,0.6,1.8,3.4,
379,Jase Richardson,20.0,ORL,SG,14.0,0.0,6.6,1.2,2.4,0.5,0.4,1.0,0.429,0.8,1.4,0.55,0.588,0.5,0.6,0.778,0.3,0.6,0.9,0.9,0.2,0.0,0.3,0.5,3.4,
380,Gui Santos,23.0,GSW,PF,18.0,1.0,9.3,1.2,3.0,0.389,0.5,1.8,0.273,0.7,1.2,0.571,0.472,0.6,0.8,0.714,0.8,1.1,1.9,0.6,0.3,0.1,0.8,1.3,3.4,
381,Baylor Scheierman,25.0,BOS,SG,20.0,0.0,12.1,1.3,2.3,0.556,0.9,1.8,0.486,0.4,0.5,0.8,0.744,0.1,0.1,1.0,0.4,1.6,2.0,0.8,0.5,0.1,0.4,1.4,3.4,
382,Thomas Bryant,28.0,CLE,C,18.0,0.0,7.8,1.2,2.9,0.423,0.3,1.4,0.2,0.9,1.5,0.63,0.471,0.6,0.8,0.733,0.5,1.7,2.2,0.2,0.3,0.3,0.2,1.0,3.3,
383,Chaz Lanier,24.0,DET,SG,13.0,0.0,10.2,1.1,3.2,0.333,0.9,2.8,0.324,0.2,0.4,0.4,0.476,0.2,0.2,1.0,0.5,0.6,1.1,0.8,0.3,0.0,0.1,0.2,3.3,
384,David Jones García,24.0,SAS,SF,10.0,0.0,6.7,1.3,2.5,0.52,0.3,0.5,0.6,1.0,2.0,0.5,0.58,0.3,0.6,0.5,0.4,0.8,1.2,1.8,0.6,0.1,0.5,0.6,3.2,
385,Pete Nance,25.0,MIL,PF,5.0,0.0,3.2,1.2,1.8,0.667,0.8,1.4,0.571,0.4,0.4,1.0,0.889,0.0,0.0,,0.0,0.6,0.6,0.2,0.0,0.0,0.0,0.0,3.2,
386,Guerschon Yabusele,30.0,NYK,C,22.0,0.0,10.1,1.2,2.9,0.406,0.6,2.0,0.302,0.6,1.0,0.619,0.508,0.3,0.5,0.6,0.7,1.5,2.2,0.4,0.1,0.2,0.3,1.2,3.2,
387,Mark Sears,23.0,MIL,PG,7.0,0.0,3.7,0.9,1.9,0.462,0.6,1.1,0.5,0.3,0.7,0.4,0.615,0.9,1.1,0.75,0.1,0.1,0.3,0.3,0.0,0.0,0.6,0.6,3.1,
388,Dalen Terry,23.0,CHI,SG,13.0,0.0,11.2,1.3,2.8,0.472,0.2,1.0,0.231,1.1,1.8,0.609,0.514,0.2,0.5,0.429,0.6,1.2,1.8,1.5,0.8,0.3,0.7,1.2,3.1,
389,Jonathan Isaac,28.0,ORL,PF,21.0,0.0,10.2,1.1,2.4,0.46,0.2,1.1,0.208,0.9,1.2,0.692,0.51,0.5,1.0,0.5,0.8,2.3,3.1,0.1,0.3,0.5,0.4,0.7,3.0,
390,John Konchar,29.0,MEM,SG,22.0,0.0,13.0,1.2,2.3,0.51,0.4,1.3,0.321,0.8,1.0,0.739,0.598,0.3,0.4,0.667,0.5,2.1,2.7,1.2,0.9,0.3,0.3,0.9,3.0,
391,Chris Livingston,22.0,CLE,SF,3.0,0.0,5.7,1.3,2.3,0.571,0.0,1.0,0.0,1.3,1.3,1.0,0.571,0.3,0.3,1.0,0.0,1.0,1.0,0.3,0.3,0.0,0.0,1.3,3.0,
392,Jahmai Mashack,23.0,MEM,SG,2.0,0.0,4.5,1.0,2.5,0.4,1.0,2.0,0.5,0.0,0.5,0.0,0.6,0.0,0.0,,0.0,1.0,1.0,0.0,0.0,0.0,0.0,0.0,3.0,
393,Emanuel Miller,25.0,CHI,PF,5.0,0.0,6.6,1.2,2.6,0.462,0.4,1.2,0.333,0.8,1.4,0.571,0.538,0.2,0.4,0.5,0.2,0.4,0.6,0.8,0.4,0.0,0.0,0.4,3.0,
394,Riley Minix,25.0,SAS,SF,3.0,0.0,2.7,1.3,2.0,0.667,0.3,1.0,0.333,1.0,1.0,1.0,0.75,0.0,0.0,,0.3,0.3,0.7,0.3,0.3,0.0,0.0,0.3,3.0,
395,Monte Morris,30.0,IND,PG,6.0,0.0,10.8,1.2,3.3,0.35,0.3,1.3,0.25,0.8,2.0,0.417,0.4,0.3,0.7,0.5,0.2,1.0,1.2,1.5,0.2,0.2,0.3,0.5,3.0,
396,Julian Phillips,22.0,CHI,SF,21.0,2.0,10.4,1.1,2.6,0.436,0.4,1.4,0.3,0.7,1.2,0.6,0.518,0.2,0.3,0.833,0.8,0.7,1.4,0.3,0.5,0.2,0.1,1.1,3.0,
397,Moussa Cisse,23.0,DAL,C,18.0,1.0,10.1,1.2,1.9,0.618,0.0,0.0,,1.2,1.9,0.618,0.618,0.6,1.5,0.407,1.3,2.1,3.3,0.2,0.2,1.1,0.7,1.6,2.9,
398,Chris Paul,40.0,LAC,PG,16.0,0.0,14.3,1.1,3.5,0.321,0.6,1.9,0.333,0.5,1.6,0.308,0.411,0.1,0.1,0.5,0.4,1.4,1.8,3.3,0.7,0.0,1.0,1.4,2.9,
399,Jae'Sean Tate,30.0,HOU,SF,14.0,0.0,8.3,1.2,2.3,0.531,0.4,0.9,0.417,0.9,1.4,0.6,0.609,0.1,0.1,1.0,0.6,1.0,1.6,0.5,0.3,0.0,0.3,1.4,2.9,
400,Bobi Klintman,22.0,DET,SF,6.0,0.0,8.8,1.2,3.5,0.333,0.5,1.8,0.273,0.7,1.7,0.4,0.405,0.0,0.5,0.0,0.8,1.8,2.7,0.7,0.3,0.0,0.8,1.5,2.8,
401,Yanic Konan Niederhauser,22.0,LAC,C,11.0,0.0,5.2,1.2,1.6,0.722,0.0,0.0,,1.2,1.6,0.722,0.722,0.5,0.9,0.5,0.6,0.7,1.4,0.3,0.0,0.3,0.3,0.4,2.8,
402,Xavier Tillman Sr.,27.0,BOS,C,11.0,1.0,9.4,1.3,2.5,0.5,0.3,1.2,0.231,1.0,1.4,0.733,0.554,0.0,0.0,,0.9,1.3,2.2,0.5,0.5,0.2,0.4,0.8,2.8,
403,Kevon Looney,29.0,NOP,C,12.0,6.0,12.9,1.2,2.8,0.424,0.1,0.6,0.143,1.1,2.2,0.5,0.439,0.3,0.5,0.5,1.7,2.3,3.9,1.4,0.3,0.4,0.5,2.1,2.7,
404,Jericho Sims,27.0,MIL,C,19.0,3.0,14.3,1.2,1.4,0.852,0.0,0.0,,1.2,1.4,0.852,0.852,0.3,0.4,0.714,1.3,2.4,3.7,0.7,0.2,0.3,0.7,1.6,2.7,
405,Yang Hansen,20.0,POR,C,13.0,1.0,7.7,0.9,3.1,0.3,0.1,1.2,0.063,0.8,1.8,0.458,0.313,0.7,0.8,0.9,0.5,1.3,1.8,0.8,0.0,0.4,0.7,1.0,2.6,
406,Caleb Houstan,23.0,ATL,SF,8.0,0.0,5.4,0.8,1.6,0.462,0.6,1.3,0.5,0.1,0.4,0.333,0.654,0.4,0.4,1.0,0.5,0.1,0.6,0.3,0.1,0.1,0.5,0.6,2.5,
407,GG Jackson II,21.0,MEM,PF,8.0,0.0,6.8,0.9,3.5,0.25,0.0,1.5,0.0,0.9,2.0,0.438,0.25,0.8,1.1,0.667,0.4,1.4,1.8,0.3,0.5,0.1,0.3,0.5,2.5,
408,Tyus Jones,29.0,ORL,PG,24.0,1.0,14.0,1.0,2.8,0.343,0.5,1.7,0.275,0.5,1.1,0.444,0.425,0.1,0.1,1.0,0.2,0.6,0.8,2.0,0.7,0.1,0.3,0.6,2.5,
409,Isaiah Livers,27.0,PHO,PF,13.0,0.0,12.2,0.8,2.2,0.345,0.5,1.8,0.292,0.2,0.4,0.6,0.466,0.4,0.5,0.833,0.6,1.5,2.2,0.4,0.5,0.4,0.4,1.1,2.5,
410,Carter Bryant,20.0,SAS,PF,17.0,0.0,7.9,0.9,2.8,0.319,0.5,1.6,0.296,0.4,1.2,0.35,0.404,0.2,0.2,1.0,0.4,1.4,1.7,0.1,0.2,0.1,0.4,0.9,2.4,
411,Elijah Harkless,25.0,UTA,SG,7.0,0.0,9.4,0.6,1.6,0.364,0.3,1.0,0.286,0.3,0.6,0.5,0.455,1.0,1.3,0.778,0.3,0.6,0.9,0.7,0.6,0.0,0.4,1.4,2.4,
412,Dwight Powell,34.0,DAL,C,20.0,1.0,10.9,0.7,1.0,0.65,0.0,0.0,,0.7,1.0,0.65,0.65,1.1,1.5,0.724,0.9,1.3,2.1,0.9,0.5,0.2,0.5,2.0,2.4,
413,Chris Boucher,33.0,BOS,PF,8.0,0.0,11.4,0.9,2.8,0.318,0.1,1.5,0.083,0.8,1.3,0.6,0.341,0.4,0.5,0.75,0.3,2.0,2.3,0.4,0.6,0.9,0.1,2.0,2.3,
414,Gary Harris,31.0,MIL,SG,16.0,0.0,13.3,0.8,1.9,0.433,0.4,1.0,0.375,0.4,0.9,0.5,0.533,0.3,0.3,1.0,0.3,1.1,1.4,1.2,0.8,0.1,0.5,1.2,2.3,
415,Zeke Nnaji,25.0,DEN,PF,13.0,1.0,8.5,0.8,1.5,0.55,0.2,0.8,0.273,0.6,0.7,0.889,0.625,0.4,0.5,0.714,0.3,1.2,1.5,0.2,0.2,0.2,0.5,1.2,2.3,
416,Jalen Pickett,26.0,DEN,SG,10.0,1.0,7.2,0.9,1.9,0.474,0.4,1.0,0.4,0.5,0.9,0.556,0.579,0.1,0.1,1.0,0.3,0.8,1.1,1.0,0.1,0.0,0.4,0.6,2.3,
417,Orlando Robinson,25.0,ORL,C,3.0,1.0,7.3,1.0,1.7,0.6,0.3,0.7,0.5,0.7,1.0,0.667,0.7,0.0,0.0,,0.7,0.3,1.0,0.7,0.3,0.0,0.0,1.0,2.3,
418,Lindy Waters III,28.0,SAS,SG,11.0,0.0,7.5,0.8,2.1,0.391,0.6,1.9,0.333,0.2,0.2,1.0,0.543,0.0,0.0,,0.2,1.0,1.2,0.5,0.2,0.0,0.1,0.9,2.3,
419,Luke Travers,24.0,CLE,SG,11.0,0.0,8.8,0.6,3.1,0.206,0.1,1.5,0.063,0.5,1.6,0.333,0.221,0.8,0.8,1.0,0.7,1.2,1.9,0.8,0.5,0.4,0.2,0.5,2.2,
420,Cody Williams,21.0,UTA,SG,13.0,0.0,12.2,1.0,3.1,0.325,0.2,1.5,0.105,0.8,1.6,0.524,0.35,0.1,0.2,0.333,0.2,0.7,0.9,0.5,0.2,0.2,0.4,1.5,2.2,
421,Devin Carter,23.0,SAC,PG,8.0,0.0,8.1,0.6,2.6,0.238,0.3,1.4,0.182,0.4,1.3,0.3,0.286,0.6,0.6,1.0,0.4,1.1,1.5,1.1,0.8,0.1,0.8,1.0,2.1,
422,Jeff Green,39.0,HOU,PF,10.0,0.0,4.8,0.8,1.6,0.5,0.5,1.2,0.417,0.3,0.4,0.75,0.656,0.0,0.0,,0.1,0.3,0.4,0.1,0.0,0.1,0.0,0.4,2.1,
423,Jamir Watkins,24.0,WAS,SG,7.0,1.0,9.6,0.7,1.6,0.455,0.1,0.7,0.2,0.6,0.9,0.667,0.5,0.6,0.6,1.0,0.3,1.3,1.6,0.4,0.0,0.1,0.1,1.3,2.1,
424,Thanasis Antetokounmpo,33.0,MIL,SF,9.0,0.0,2.6,0.7,0.9,0.75,0.0,0.0,,0.7,0.9,0.75,0.75,0.7,1.0,0.667,0.2,0.2,0.4,0.0,0.3,0.3,0.1,0.8,2.0,
425,Joan Beringer,19.0,MIN,PF,9.0,0.0,4.1,0.9,1.2,0.727,0.0,0.0,,0.9,1.2,0.727,0.727,0.2,0.3,0.667,0.2,1.1,1.3,0.0,0.1,0.2,0.2,1.0,2.0,
426,Koby Brea,23.0,PHO,SG,2.0,0.0,4.0,0.5,1.5,0.333,0.0,1.0,0.0,0.5,0.5,1.0,0.333,1.0,1.0,1.0,0.0,0.5,0.5,1.0,0.0,0.0,0.0,0.0,2.0,
427,Hunter Dickinson,25.0,NOP,C,1.0,0.0,5.0,1.0,2.0,0.5,0.0,0.0,,1.0,2.0,0.5,0.5,0.0,0.0,,0.0,0.0,0.0,0.0,0.0,1.0,2.0,2.0,2.0,
428,Rasheer Fleming,21.0,PHO,PF,12.0,0.0,5.7,0.7,2.3,0.296,0.3,1.3,0.188,0.4,0.9,0.455,0.352,0.4,0.4,1.0,0.6,0.7,1.3,0.2,0.3,0.2,0.3,0.8,2.0,
429,Trentyn Flowers,20.0,CHI,SF,2.0,0.0,3.0,1.0,1.5,0.667,0.0,0.5,0.0,1.0,1.0,1.0,0.667,0.0,0.0,,0.5,0.0,0.5,0.5,0.0,0.0,0.5,0.5,2.0,
430,Johnny Furphy,21.0,IND,SG,5.0,0.0,13.8,0.8,2.0,0.4,0.4,1.0,0.4,0.4,1.0,0.4,0.5,0.0,0.0,,0.2,1.6,1.8,0.2,0.4,0.0,0.8,1.6,2.0,
431,Ron Harper Jr.,25.0,BOS,SF,4.0,0.0,5.0,0.8,2.5,0.3,0.5,2.0,0.25,0.3,0.5,0.5,0.4,0.0,0.0,,0.3,0.5,0.8,1.0,0.3,0.5,0.0,0.5,2.0,
432,Bronny James,21.0,LAL,SG,13.0,1.0,9.5,0.8,2.4,0.323,0.3,1.1,0.286,0.5,1.3,0.353,0.387,0.2,0.2,1.0,0.3,0.4,0.7,1.6,0.7,0.1,0.8,0.9,2.0,
433,Colby Jones,23.0,DET,SG,1.0,0.0,7.0,1.0,3.0,0.333,0.0,2.0,0.0,1.0,1.0,1.0,0.333,0.0,0.0,,0.0,4.0,4.0,2.0,0.0,0.0,0.0,1.0,2.0,
434,E.J. Liddell,25.0,BRK,PF,7.0,0.0,4.6,0.7,1.7,0.417,0.3,1.1,0.25,0.4,0.6,0.75,0.5,0.3,0.4,0.667,0.4,0.9,1.3,0.0,0.0,0.0,0.0,0.6,2.0,
435,Kyle Lowry,39.0,PHI,PG,3.0,0.0,8.0,0.7,1.3,0.5,0.7,1.3,0.5,0.0,0.0,,0.75,0.0,0.0,,0.0,0.3,0.3,1.3,0.3,0.0,0.0,0.3,2.0,
436,Wendell Moore Jr.,24.0,DET,SG,3.0,0.0,14.3,1.0,2.0,0.5,0.0,0.3,0.0,1.0,1.7,0.6,0.5,0.0,0.0,,0.3,1.0,1.3,1.0,0.7,0.3,0.3,0.3,2.0,
437,Daeqwon Plowden,27.0,SAC,SG,1.0,0.0,14.0,1.0,5.0,0.2,0.0,3.0,0.0,1.0,2.0,0.5,0.2,0.0,0.0,,2.0,0.0,2.0,0.0,0.0,0.0,0.0,0.0,2.0,
438,Jahmir Young,25.0,MIA,PG,5.0,0.0,4.8,0.8,2.2,0.364,0.4,1.0,0.4,0.4,1.2,0.333,0.455,0.0,0.0,,0.0,0.4,0.4,0.8,0.2,0.0,0.4,0.6,2.0,
439,Anthony Gill,33.0,WAS,PF,9.0,0.0,3.6,0.7,0.8,0.857,0.1,0.1,1.0,0.6,0.7,0.833,0.929,0.4,0.4,1.0,0.2,0.6,0.8,0.0,0.0,0.1,0.4,0.3,1.9,
440,PJ Hall,23.0,MEM,C,7.0,0.0,3.9,0.7,1.3,0.556,0.1,0.4,0.333,0.6,0.9,0.667,0.611,0.3,0.4,0.667,0.4,0.9,1.3,0.3,0.0,0.3,0.1,0.4,1.9,
441,Javonte Cooke,26.0,POR,SG,4.0,0.0,6.8,0.8,2.8,0.273,0.3,1.3,0.2,0.5,1.5,0.333,0.318,0.0,0.0,,0.3,0.3,0.5,1.0,0.3,0.0,0.8,0.3,1.8,
442,JD Davison,23.0,HOU,PG,11.0,0.0,6.7,0.7,1.5,0.471,0.4,0.8,0.444,0.4,0.7,0.5,0.588,0.0,0.2,0.0,0.1,0.3,0.4,0.9,0.3,0.1,0.1,0.4,1.8,
443,Maxi Kleber,34.0,LAL,PF,10.0,0.0,12.1,0.6,1.5,0.4,0.3,0.8,0.375,0.3,0.7,0.429,0.5,0.3,0.4,0.75,0.6,1.2,1.8,0.6,0.2,0.3,0.2,1.6,1.8,
444,Cody Martin,30.0,IND,SF,4.0,0.0,13.8,0.5,2.5,0.2,0.0,1.3,0.0,0.5,1.3,0.4,0.2,0.8,1.5,0.5,0.3,3.3,3.5,0.5,1.0,0.5,1.0,1.3,1.8,
445,Nolan Traoré,19.0,BRK,PG,4.0,0.0,8.8,0.5,2.3,0.222,0.5,1.5,0.333,0.0,0.8,0.0,0.333,0.3,0.5,0.5,0.0,0.3,0.3,1.3,0.5,0.0,0.5,1.3,1.8,
446,Chris Youngblood,23.0,OKC,SG,18.0,0.0,5.4,0.5,1.5,0.333,0.4,1.2,0.318,0.1,0.3,0.4,0.463,0.4,0.4,1.0,0.2,0.8,1.0,0.3,0.1,0.0,0.1,0.9,1.8,
447,Brooks Barnhizer,23.0,OKC,SG,17.0,0.0,7.8,0.7,1.4,0.522,0.1,0.2,0.25,0.6,1.1,0.579,0.543,0.2,0.4,0.667,0.4,1.6,1.9,0.4,0.2,0.1,0.2,0.6,1.7,
448,Johni Broome,23.0,PHI,C,6.0,0.0,6.5,0.7,3.3,0.2,0.0,0.5,0.0,0.7,2.8,0.235,0.2,0.3,0.7,0.5,1.0,1.2,2.2,0.7,0.3,0.0,0.3,0.8,1.7,
449,Dylan Cardwell,24.0,SAC,C,3.0,1.0,11.0,0.7,2.0,0.333,0.0,0.3,0.0,0.7,1.7,0.4,0.333,0.3,0.7,0.5,0.7,1.0,1.7,0.0,0.7,1.0,0.7,3.3,1.7,
450,Amir Coffey,28.0,MIL,SG,18.0,0.0,8.1,0.6,1.3,0.435,0.2,0.6,0.3,0.4,0.7,0.538,0.5,0.4,0.4,1.0,0.2,0.6,0.8,0.4,0.0,0.1,0.1,0.3,1.7,
451,Harrison Ingram,23.0,SAS,SF,3.0,0.0,3.7,0.7,1.0,0.667,0.3,0.3,1.0,0.3,0.7,0.5,0.833,0.0,0.0,,1.0,0.0,1.0,0.0,0.0,0.0,0.0,0.7,1.7,
452,Leonard Miller,22.0,MIN,SF,9.0,0.0,4.2,0.7,1.3,0.5,0.0,0.6,0.0,0.7,0.8,0.857,0.5,0.3,0.6,0.6,0.1,1.1,1.2,0.4,0.2,0.0,0.4,0.8,1.7,
453,Mason Plumlee,35.0,CHO,C,10.0,1.0,9.4,0.5,0.6,0.833,0.0,0.0,,0.5,0.6,0.833,0.833,0.7,1.1,0.636,0.7,2.2,2.9,1.1,0.4,0.0,0.6,0.6,1.7,
454,Dario Šarić,31.0,SAC,C,3.0,0.0,9.3,0.3,1.7,0.2,0.3,0.7,0.5,0.0,1.0,0.0,0.3,0.7,0.7,1.0,0.3,1.3,1.7,0.7,0.0,0.0,0.3,0.0,1.7,
455,Jamal Cain,26.0,ORL,SF,5.0,0.0,6.2,0.6,1.6,0.375,0.2,1.0,0.2,0.4,0.6,0.667,0.438,0.2,0.4,0.5,0.4,0.4,0.8,0.4,0.2,0.2,0.4,0.8,1.6,
456,Taelon Peter,23.0,IND,SG,15.0,0.0,7.1,0.5,1.9,0.241,0.4,1.8,0.222,0.1,0.1,0.5,0.345,0.3,0.3,0.8,0.3,0.8,1.1,0.9,0.1,0.1,0.6,0.4,1.6,
457,Jacob Toppin,25.0,ATL,SF,5.0,0.0,3.4,0.8,1.2,0.667,0.0,0.0,,0.8,1.2,0.667,0.667,0.0,0.0,,0.0,0.2,0.2,0.2,0.0,0.2,0.0,0.2,1.6,
458,Tyson Etienne,26.0,BRK,PG,8.0,0.0,4.3,0.5,1.9,0.267,0.5,1.6,0.308,0.0,0.3,0.0,0.4,0.0,0.0,,0.0,0.0,0.0,0.1,0.0,0.0,0.1,0.6,1.5,
459,Myron Gardner,24.0,MIA,SF,4.0,0.0,2.3,0.5,0.5,1.0,0.5,0.5,1.0,0.0,0.0,,1.5,0.0,0.0,,0.0,0.5,0.5,0.3,0.0,0.0,0.0,1.0,1.5,
460,Nigel Hayes-Davis,31.0,PHO,SF,17.0,0.0,8.9,0.7,2.1,0.333,0.1,0.7,0.083,0.6,1.4,0.458,0.347,0.1,0.1,0.5,0.5,0.8,1.3,0.4,0.4,0.1,0.4,0.8,1.5,
461,DaRon Holmes,23.0,DEN,PF,2.0,0.0,2.0,0.5,0.5,1.0,0.5,0.5,1.0,0.0,0.0,,1.5,0.0,0.0,,0.0,0.0,0.0,0.0,0.0,0.0,0.0,0.5,1.5,
462,Andre Jackson Jr.,24.0,MIL,SG,11.0,0.0,6.9,0.5,1.5,0.313,0.2,0.7,0.25,0.3,0.7,0.375,0.375,0.3,0.4,0.75,0.5,0.5,0.9,1.5,0.5,0.2,0.5,1.0,1.4,
463,Khaman Maluach,19.0,PHO,C,11.0,0.0,4.5,0.4,0.9,0.4,0.0,0.3,0.0,0.4,0.6,0.571,0.4,0.6,0.7,0.875,0.2,0.6,0.8,0.1,0.0,0.4,0.5,0.9,1.4,
464,Rayan Rupert,21.0,POR,SG,17.0,0.0,7.6,0.5,1.8,0.3,0.2,0.9,0.25,0.3,0.8,0.357,0.367,0.1,0.2,0.5,0.2,1.3,1.5,0.2,0.4,0.1,0.5,1.0,1.4,
465,Isaac Jones,25.0,2TM,PF,4.0,1.0,4.5,0.5,1.0,0.5,0.0,0.5,0.0,0.5,0.5,1.0,0.5,0.3,0.5,0.5,0.5,0.0,0.5,0.3,0.0,0.0,0.0,1.0,1.3,
465,Isaac Jones,25.0,SAC,PF,3.0,1.0,5.7,0.3,0.7,0.5,0.0,0.3,0.0,0.3,0.3,1.0,0.5,0.3,0.7,0.5,0.7,0.0,0.7,0.3,0.0,0.0,0.0,1.3,1.0,
465,Isaac Jones,25.0,DET,PF,1.0,0.0,1.0,1.0,2.0,0.5,0.0,1.0,0.0,1.0,1.0,1.0,0.5,0.0,0.0,,0.0,0.0,0.0,0.0,0.0,0.0,0.0,0.0,2.0,
466,Ariel Hukporti,23.0,NYK,C,15.0,2.0,8.3,0.5,0.9,0.538,0.0,0.0,,0.5,0.9,0.538,0.538,0.3,0.5,0.625,1.0,1.6,2.6,0.5,0.1,0.5,0.6,1.4,1.3,
467,Drew Peterson,26.0,CHO,PF,4.0,0.0,13.3,0.5,3.5,0.143,0.0,2.8,0.0,0.5,0.8,0.667,0.143,0.3,0.5,0.5,0.5,1.3,1.8,0.5,0.8,0.3,0.0,0.8,1.3,
468,Adou Thiero,21.0,LAL,SF,8.0,0.0,6.4,0.4,0.6,0.6,0.0,0.0,,0.4,0.6,0.6,0.6,0.5,0.6,0.8,0.5,0.3,0.8,0.1,0.3,0.0,0.4,1.1,1.3,
469,Caleb Martin,30.0,DAL,SF,22.0,0.0,9.1,0.4,1.7,0.243,0.1,0.6,0.154,0.3,1.1,0.292,0.27,0.3,0.4,0.875,0.5,1.0,1.5,0.9,0.5,0.1,0.4,1.6,1.2,
470,Hunter Sallis,22.0,PHI,SG,6.0,0.0,4.2,0.5,0.8,0.6,0.0,0.0,,0.5,0.8,0.6,0.6,0.2,0.3,0.5,0.0,0.2,0.2,0.7,0.0,0.2,0.8,0.3,1.2,
471,Johnny Juzang,24.0,MIN,SG,8.0,0.0,2.8,0.4,1.1,0.333,0.3,0.9,0.286,0.1,0.3,0.5,0.444,0.1,0.3,0.5,0.1,0.3,0.4,0.1,0.0,0.0,0.1,0.4,1.1,
472,Curtis Jones,24.0,DEN,SG,2.0,0.0,1.5,0.5,1.5,0.333,0.0,0.5,0.0,0.5,1.0,0.5,0.333,0.0,0.0,,0.5,0.5,1.0,0.0,0.0,0.0,0.0,0.0,1.0,
473,Miles Kelly,23.0,DAL,PG,2.0,0.0,5.5,0.5,1.0,0.5,0.0,0.5,0.0,0.5,0.5,1.0,0.5,0.0,0.0,,0.5,1.5,2.0,0.0,0.0,0.0,0.5,1.0,1.0,
474,Jonathan Mogbo,24.0,TOR,PF,10.0,0.0,4.8,0.5,1.1,0.455,0.0,0.0,,0.5,1.1,0.455,0.455,0.0,0.0,,0.5,0.9,1.4,0.6,0.1,0.3,0.1,0.5,1.0,
475,Garrett Temple,39.0,TOR,SG,4.0,0.0,4.3,0.3,0.8,0.333,0.3,0.5,0.5,0.0,0.3,0.0,0.5,0.3,0.5,0.5,0.0,0.5,0.5,0.3,0.5,0.3,0.3,0.5,1.0,
476,Drew Timme,25.0,LAL,PF,2.0,0.0,4.0,0.5,1.0,0.5,0.0,0.5,0.0,0.5,0.5,1.0,0.5,0.0,0.0,,0.5,0.5,1.0,1.5,0.5,0.0,0.0,0.0,1.0,
477,Bismack Biyombo,33.0,SAS,C,8.0,1.0,7.3,0.4,0.5,0.75,0.0,0.0,,0.4,0.5,0.75,0.75,0.1,0.3,0.5,0.3,0.5,0.8,0.4,0.4,0.1,0.4,1.3,0.9,
478,N'Faly Dante,24.0,ATL,C,4.0,0.0,3.8,0.3,1.0,0.25,0.0,0.0,,0.3,1.0,0.25,0.25,0.3,0.3,1.0,0.8,1.0,1.8,0.0,0.5,0.0,0.3,0.3,0.8,
479,Mohamed Diawara,20.0,NYK,SF,16.0,0.0,3.4,0.3,0.8,0.385,0.1,0.4,0.333,0.2,0.4,0.429,0.462,0.0,0.1,0.0,0.2,0.5,0.7,0.5,0.2,0.1,0.3,0.5,0.8,
480,AJ Johnson,21.0,WAS,SG,10.0,0.0,4.5,0.2,1.3,0.154,0.0,0.3,0.0,0.2,1.0,0.2,0.154,0.3,0.4,0.75,0.2,0.4,0.6,0.4,0.0,0.0,0.2,0.3,0.7,
481,Amari Williams,24.0,BOS,PF,6.0,0.0,5.2,0.2,0.3,0.5,0.0,0.0,,0.2,0.3,0.5,0.5,0.2,0.3,0.5,0.3,0.8,1.2,0.2,0.2,0.3,0.0,0.7,0.5,
482,Pacome Dadiet,20.0,NYK,SG,9.0,0.0,2.4,0.1,0.7,0.167,0.0,0.3,0.0,0.1,0.3,0.333,0.167,0.2,0.2,1.0,0.0,0.6,0.6,0.2,0.0,0.0,0.0,0.1,0.4,
483,Lachlan Olbrich,22.0,CHI,C,5.0,0.0,7.2,0.2,1.2,0.167,0.0,0.6,0.0,0.2,0.6,0.333,0.167,0.0,0.0,,0.6,1.6,2.2,0.6,0.0,0.0,0.4,1.6,0.4,
484,Hunter Tyson,25.0,DEN,PF,8.0,0.0,3.5,0.0,1.1,0.0,0.0,0.6,0.0,0.0,0.5,0.0,0.0,0.3,0.3,1.0,0.1,1.4,1.5,0.4,0.1,0.0,0.0,0.4,0.3,
485,Jahmyl Telfort,24.0,LAC,PF,8.0,0.0,4.0,0.0,0.5,0.0,0.0,0.5,0.0,0.0,0.0,,0.0,0.1,0.5,0.25,0.0,0.4,0.4,0.1,0.1,0.0,0.1,0.6,0.1,
486,Sharife Cooper,24.0,WAS,PG,4.0,0.0,2.5,0.0,0.3,0.0,0.0,0.3,0.0,0.0,0.0,,0.0,0.0,0.0,,0.0,0.0,0.0,0.0,0.0,0.0,0.3,0.3,0.0,
487,Isaiah Crawford,24.0,HOU,SF,2.0,0.0,2.5,0.0,0.5,0.0,0.0,0.5,0.0,0.0,0.0,,0.0,0.0,0.0,,0.0,0.0,0.0,0.0,0.0,0.0,0.0,0.0,0.0,
488,Noa Essengue,19.0,CHI,PF,2.0,0.0,3.0,0.0,1.5,0.0,0.0,1.0,0.0,0.0,0.5,0.0,0.0,0.0,0.0,,0.0,0.0,0.0,0.0,0.5,0.0,0.0,0.5,0.0,
489,Tosan Evbuomwan,24.0,NYK,SF,3.0,0.0,2.0,0.0,0.3,0.0,0.0,0.0,,0.0,0.3,0.0,0.0,0.0,0.0,,0.3,0.3,0.7,0.0,0.0,0.0,0.0,0.0,0.0,
490,Chucky Hepburn,22.0,TOR,PG,1.0,0.0,5.0,0.0,3.0,0.0,0.0,2.0,0.0,0.0,1.0,0.0,0.0,0.0,0.0,,0.0,1.0,1.0,0.0,1.0,0.0,0.0,1.0,0.0,
491,Joe Ingles,38.0,MIN,SF,7.0,0.0,3.3,0.0,0.3,0.0,0.0,0.3,0.0,0.0,0.0,,0.0,0.0,0.0,,0.0,0.0,0.0,0.9,0.1,0.0,0.0,0.3,0.0,
492,Kasparas Jakucionis,19.0,MIA,PG,1.0,0.0,1.0,0.0,2.0,0.0,0.0,0.0,,0.0,2.0,0.0,0.0,0.0,0.0,,0.0,0.0,0.0,0.0,1.0,0.0,0.0,0.0,0.0,
493,Trey Jemison,26.0,NYK,C,3.0,0.0,3.3,0.0,0.0,,0.0,0.0,,0.0,0.0,,,0.0,0.0,,0.3,0.7,1.0,0.0,0.0,0.0,0.3,0.7,0.0,
494,Christian Koloko,25.0,LAL,C,2.0,0.0,3.0,0.0,0.0,,0.0,0.0,,0.0,0.0,,,0.0,0.0,,0.0,0.5,0.5,0.0,0.0,0.0,0.0,0.5,0.0,
495,Chris Mañon,24.0,LAL,SG,2.0,0.0,3.5,0.0,0.5,0.0,0.0,0.5,0.0,0.0,0.0,,0.0,0.0,0.0,,0.0,1.0,1.0,0.0,0.0,0.5,0.0,1.0,0.0,
496,Alijah Martin,24.0,TOR,SG,1.0,0.0,4.0,0.0,1.0,0.0,0.0,0.0,,0.0,1.0,0.0,0.0,0.0,0.0,,0.0,0.0,0.0,0.0,1.0,0.0,0.0,0.0,0.0,
497,Marcus Sasser,25.0,DET,PG,1.0,0.0,4.0,0.0,1.0,0.0,0.0,1.0,0.0,0.0,0.0,,0.0,0.0,0.0,,0.0,0.0,0.0,2.0,0.0,0.0,0.0,3.0,0.0,
,League Average,,,,,,,,,0.47,,,0.36,,,0.548,0.545,,,0.789,,,,,,,,,,
