RNK,Value,Name,Status,G,M,PTS,TPM,REB,AST,STL,BLK,TOV,FG%,FGA,FT%,FTA,zPTS,zTPM,zAST,zREB,zSTL,zBLK,zTOV,zFG%,zFT%
1,2.16,Victor Wembanyama,,72,33.5,27.3,3.39,11.78,4.38,1.27,3.85,3.12,49%,19.52,83%,5.93,2.69,2.46,1.18,3.28,1.49,8.06,-2.38,0.86,1.79
2,1.97,Nikola Jokić,,72,35.4,27.8,1.98,11.72,10.36,1.72,0.7,3.17,58%,17.97,81%,6.34,2.76,0.93,4.38,3.26,2.62,0.63,-2.44,4.27,1.32
3,1.91,Shai Gilgeous-Alexander,,74,32.5,32.1,2.05,4.82,6.52,1.59,1,2.26,51%,21.21,90%,9.12,3.41,1.01,2.33,0.43,2.29,1.33,-1.33,1.85,5.85
4,1.4,Luka Dončić,,72,35.4,30.6,3.73,7.87,8.64,1.87,0.45,3.76,48%,21.13,79%,8.69,3.19,2.83,3.46,1.68,3,0.04,-3.16,0.48,1.05
5,1.17,Anthony Davis,,64,33.2,24,0.97,9.73,4.31,1.07,2.25,2.76,50%,17.52,78%,6.96,2.19,-0.17,1.14,2.44,0.98,4.28,-1.94,1.14,0.48
6,1.17,Stephen Curry,,65,32.6,25.2,4.56,4.54,5.95,1,0.4,2.74,46%,17.92,94%,4.44,2.37,3.74,2.02,0.32,0.81,-0.08,-1.91,-0.38,3.61
7,1.12,Kevin Durant,Status$,65,26.1,26,2.96,5.3,4.59,0.83,0.91,3.01,52%,18.03,87%,5.07,2.49,2,1.29,0.63,0.38,1.12,-2.24,1.95,2.46
8,1.08,Karl-Anthony Towns,Status$,71,33.1,23.5,2,10.58,2.95,0.96,0.69,2.67,53%,16.14,84%,5.37,2.11,0.96,0.41,2.79,0.71,0.6,-1.83,2.09,1.86
9,1.05,Cade Cunningham,,75,35.1,27.5,2.34,5.7,9.34,1.08,0.73,4.17,48%,20.94,85%,5.78,2.72,1.33,3.83,0.79,1.01,0.7,-3.66,0.47,2.29
10,1.03,Evan Mobley,,74,31.6,19.6,1.61,9.76,3.66,0.89,1.77,2.11,55%,13.33,73%,4.58,1.52,0.53,0.79,2.45,0.53,3.15,-1.14,2.29,-0.82
11,1.02,Devin Booker,Status$,73,35.4,29.1,2.97,4.78,8,0.88,0.3,3.85,47%,21.12,88%,6.89,2.96,2.01,3.12,0.42,0.5,-0.32,-3.27,0.02,3.73
12,1.02,Donovan Mitchell,Status$,69,31.4,26.1,3.34,4.63,5.55,1.26,0.27,2.32,46%,18.77,86%,6.24,2.51,2.42,1.81,0.36,1.46,-0.39,-1.4,-0.39,2.77
13,1,Anthony Edwards,,79,36.5,28.5,4.28,5.51,4.62,1.13,0.66,3.24,45%,20.54,84%,6.89,2.87,3.43,1.31,0.72,1.13,0.53,-2.52,-0.87,2.43
14,0.99,Jalen Williams,,71,32.4,23.3,1.95,5.38,5.43,1.66,0.69,2.28,49%,17.33,81%,5.18,2.08,0.9,1.74,0.66,2.47,0.6,-1.35,0.75,1.05
15,0.98,Tyrese Maxey,Status$,71,38.7,25.7,3.36,3.35,6.32,1.62,0.39,2.43,43%,20.23,88%,5.43,2.44,2.44,2.22,-0.17,2.37,-0.1,-1.53,-1.73,2.91
16,0.98,James Harden,Status$,74,34.6,21.2,2.99,5.53,8.1,1.34,0.7,3.79,42%,14.74,88%,6.72,1.76,2.03,3.17,0.72,1.66,0.63,-3.2,-1.59,3.64
17,0.98,Joel Embiid,,32,27.4,22.4,1.37,7.99,4.24,0.72,1.01,3.09,47%,14.23,88%,8.52,1.95,0.27,1.1,1.73,0.1,1.36,-2.34,-0.01,4.65
18,0.98,Kawhi Leonard,,52,32.4,21.9,2.09,6.05,3.12,1.59,0.63,1.81,50%,16.68,85%,3.59,1.87,1.05,0.5,0.94,2.29,0.46,-0.77,1.08,1.36
19,0.97,Amen Thompson,Status$,72,35.5,16.4,0.53,8.64,5.54,1.7,1.45,2.03,57%,11.28,68%,4.4,1.04,-0.65,1.8,2,2.57,2.4,-1.04,2.41,-1.83
20,0.96,Jimmy Butler III,,66,33.4,16.5,0.72,5.29,5.75,1.59,0.27,1.41,51%,10.26,87%,6.14,1.05,-0.43,1.91,0.63,2.29,-0.39,-0.29,0.86,3.02
21,0.96,LeBron James,Status$,69,34.4,24.7,2.24,7.25,7.37,1.05,0.55,3.43,52%,17.84,79%,4.94,2.29,1.22,2.78,1.43,0.93,0.27,-2.76,1.93,0.53
22,0.95,Chet Holmgren,,68,29.5,16.6,1.65,8.39,2.49,0.79,2.27,1.82,51%,11.36,77%,4.42,1.07,0.58,0.17,1.89,0.28,4.33,-0.79,0.96,0.04
23,0.93,Trey Murphy III,Status$,61,34.4,21.4,3.28,5.02,4.21,1.08,0.64,1.91,46%,15.57,88%,4.47,1.79,2.35,1.09,0.52,1.01,0.49,-0.9,-0.34,2.37
24,0.91,Derrick White,,63,35.1,19,3.65,5,6.25,1.17,1.06,2.45,43%,14.57,86%,3.4,1.43,2.75,2.18,0.51,1.23,1.48,-1.56,-1.26,1.44
25,0.89,Domantas Sabonis,,74,35.4,18.5,1.06,14.17,6.28,0.73,0.28,2.92,58%,12.51,75%,3.77,1.36,-0.07,2.2,4.26,0.13,-0.36,-2.13,2.95,-0.35
26,0.88,Lauri Markkanen,Status$,66,32.4,22.1,3.33,7.16,1.82,0.74,0.49,1.44,46%,15.61,89%,4.8,1.9,2.41,-0.19,1.39,0.15,0.13,-0.32,-0.34,2.78
27,0.87,Josh Giddey,,75,34.1,19,1.68,9.19,9.07,1.26,0.63,3.55,48%,13.82,79%,5.14,1.43,0.61,3.69,2.22,1.46,0.46,-2.9,0.29,0.56
28,0.87,Jamal Murray,,66,34.5,21.7,2.42,3.8,6.1,1.25,0.44,2.25,48%,16.83,88%,3.69,1.84,1.42,2.1,0.02,1.44,0.01,-1.31,0.37,1.93
29,0.86,Jalen Johnson,,61,35.6,18.7,1.16,9.62,5.24,1.52,0.96,2.84,51%,14.9,75%,3.3,1.39,0.04,1.64,2.4,2.12,1.24,-2.03,1.28,-0.32
30,0.84,Ivica Zubac,,74,31.3,16.7,0,12.04,2.54,0.56,1.16,1.37,63%,11.54,70%,2.98,1.08,-1.22,0.19,3.39,-0.3,1.71,-0.24,3.96,-1.01
31,0.83,Jaren Jackson Jr.,,67,30.6,22.8,2.18,5.76,2.24,1.2,1.54,2.34,48%,16.82,79%,5.73,2.01,1.15,0.03,0.82,1.31,2.61,-1.42,0.37,0.64
32,0.83,Tyler Herro,Status$,67,34.4,23.6,3.25,4.73,5.33,1.06,0.24,2.82,48%,17.33,87%,4.32,2.13,2.31,1.69,0.4,0.96,-0.46,-2.01,0.38,2.08
33,0.82,Trae Young,,72,35.1,24.7,3.11,2.86,11.44,1.21,0.08,4.5,42%,17.6,87%,7.7,2.29,2.17,4.96,-0.37,1.34,-0.83,-4.07,-1.89,3.82
34,0.82,Kristaps Porziņģis,Status$,51,27,19.4,2.3,7.04,1.94,0.71,1.47,1.28,46%,13.82,82%,5.25,1.49,1.29,-0.13,1.34,0.08,2.44,-0.13,-0.31,1.32
35,0.82,Dyson Daniels,,72,33.1,14,0.92,5.65,4.7,2.8,0.7,2.3,52%,11.6,64%,1.5,0.67,-0.22,1.35,0.77,5.34,0.63,-1.37,1.23,-1.01
36,0.81,Austin Reaves,Status$,75,35.5,21.3,2.85,4.2,5.21,1.05,0.33,2.41,47%,14.55,87%,5.5,1.78,1.88,1.62,0.18,0.93,-0.25,-1.51,-0.01,2.69
37,0.81,Mark Williams,,52,27.5,16.4,0.02,10.93,2.51,0.84,1.21,2.15,60%,10.99,78%,3.92,1.04,-1.19,0.18,2.93,0.4,1.83,-1.19,3.06,0.2
38,0.79,Michael Porter Jr.,,65,34,22.1,3.15,8.4,2.7,0.6,0.62,1.8,48%,16.6,83%,3.6,1.9,2.21,0.28,1.9,-0.2,0.44,-0.76,0.36,1.02
39,0.79,Coby White,,74,32.7,22.4,3.08,3.98,4.34,0.88,0.21,2.4,47%,15.6,90%,5.28,1.95,2.13,1.16,0.09,0.5,-0.53,-1.5,0,3.32
40,0.78,Myles Turner,,74,31.5,16.7,2.49,6.38,1.73,0.84,2.09,1.94,48%,12.09,77%,3.58,1.08,1.49,-0.24,1.07,0.4,3.91,-0.93,0.24,0
41,0.78,Franz Wagner,,74,34.3,22.5,1.98,5.89,4.17,1.22,0.37,2.21,47%,17.48,87%,4.54,1.96,0.94,1.07,0.87,1.36,-0.15,-1.26,0.01,2.19
42,0.76,Nikola Vučević,Status$,72,29.6,16.8,1.62,9.93,3.6,0.83,0.71,1.6,51%,13.63,81%,1.61,1.1,0.54,0.76,2.52,0.38,0.65,-0.52,1.17,0.22
43,0.75,Jalen Brunson,Status$,69,34.4,25.3,2.3,2.82,6.81,0.86,0.15,2.53,49%,17.67,83%,6.75,2.38,1.29,2.48,-0.38,0.45,-0.67,-1.66,0.77,2.06
44,0.75,Alperen Sengun,,74,31.5,21.7,0.45,10.63,7.63,1.25,0.96,2.6,51%,16.28,69%,6.91,1.84,-0.73,2.92,2.81,1.44,1.24,-1.74,1.4,-2.46
45,0.74,Walker Kessler,,62,30.5,11.8,0.13,12.36,1.76,0.68,2.39,1.61,68%,7.43,53%,2.91,0.34,-1.08,-0.22,3.52,0,4.61,-0.53,3.33,-3.33
46,0.73,Giannis Antetokounmpo,,70,33.4,31,0.41,11.89,7.09,0.92,1.12,3.31,60%,19.64,63%,11,3.25,-0.78,2.63,3.33,0.6,1.62,-2.61,5.52,-6.95
47,0.73,OG Anunoby,Status$,62,34.5,18.1,2.28,4.51,2.24,1.55,0.83,1.46,48%,13.74,81%,3.34,1.29,1.26,0.03,0.31,2.19,0.93,-0.35,0.29,0.62
48,0.72,Scottie Barnes,,71,34.4,20,1.37,8.23,5.93,1.4,1.1,2.85,46%,16.51,76%,4.5,1.58,0.27,2.01,1.83,1.81,1.57,-2.05,-0.35,-0.17
49,0.71,Jakob Poeltl,Status$,70,30.6,13,0.03,9.84,2.81,1.13,1.32,1.76,64%,9.08,62%,2.16,0.52,-1.19,0.34,2.49,1.13,2.09,-0.71,3.3,-1.59
50,0.7,Desmond Bane,,66,32.7,18.6,3.04,4.47,4.61,1.06,0.35,2.16,48%,13.7,89%,2.6,1.37,2.09,1.3,0.29,0.96,-0.2,-1.2,0.29,1.43
51,0.7,Jalen Duren,,74,28.6,13.1,0.01,10.87,3.12,0.81,1.16,1.89,69%,7.69,70%,3.62,0.54,-1.21,0.5,2.91,0.33,1.71,-0.87,3.61,-1.19
52,0.7,Darius Garland,,53,30.5,20.4,2.9,2.84,6.74,1.35,0.13,2.51,46%,15.56,87%,3.51,1.64,1.93,2.44,-0.38,1.69,-0.72,-1.63,-0.34,1.66
53,0.7,LaMelo Ball,,52,32.4,25.4,3.76,5.01,7.93,1.23,0.28,3.59,42%,21.11,84%,4.73,2.4,2.87,3.08,0.51,1.39,-0.36,-2.95,-2.26,1.62
54,0.7,Deandre Ayton,,67,30.5,18,0.14,9.38,1.55,0.87,0.96,1.75,59%,13.77,73%,2.14,1.28,-1.06,-0.34,2.3,0.48,1.24,-0.7,3.55,-0.47
55,0.68,Ja Morant,Status$,58,32.4,25.6,1.89,5.03,7.94,1.12,0.39,3.78,46%,19.42,82%,6.95,2.43,0.84,3.09,0.52,1.11,-0.1,-3.18,-0.41,1.79
56,0.67,Jarrett Allen,Status$,78,28,13.4,0,9.36,2.07,0.87,0.89,1.22,69%,7.97,72%,3.32,0.58,-1.22,-0.06,2.29,0.48,1.08,-0.05,3.75,-0.79
57,0.67,Deni Avdija,Status$,74,32.4,22.3,2.26,8.22,5.12,1.06,0.45,3.31,48%,15.52,79%,6.51,1.93,1.24,1.58,1.82,0.96,0.04,-2.61,0.33,0.75
58,0.66,Alex Sarr,,76,30.6,18.2,1.84,7.77,3.27,0.92,1.81,1.99,46%,14.81,72%,3.7,1.31,0.78,0.59,1.64,0.6,3.24,-1,-0.32,-0.87
59,0.66,Bam Adebayo,Status$,75,34.6,18.6,1.38,8.97,4.31,1.24,0.62,2.16,48%,14.29,77%,4.44,1.37,0.28,1.14,2.13,1.41,0.44,-1.2,0.3,0.04
60,0.66,Miles Bridges,,65,32.2,19.5,2.31,8.42,3.72,0.7,0.76,1.99,44%,15.81,86%,3.69,1.51,1.29,0.83,1.91,0.05,0.77,-1,-1.02,1.58
61,0.64,Rudy Gobert,,72,32.3,12,0,11.15,1.73,0.8,1.41,1.21,67%,7.15,67%,3.73,0.37,-1.22,-0.24,3.02,0.3,2.3,-0.04,3.05,-1.75
62,0.63,De'Aaron Fox,,75,34.4,22.1,1.85,4.09,6.51,1.41,0.43,2.79,46%,17.37,81%,5.3,1.9,0.79,2.32,0.13,1.84,-0.01,-1.97,-0.37,1.08
63,0.63,Pascal Siakam,Status$,74,33.5,23.4,1.57,7.57,4.57,0.89,0.49,2.2,52%,16.81,73%,5.79,2.1,0.48,1.28,1.56,0.53,0.13,-1.25,1.82,-0.99
64,0.62,Onyeka Okongwu,,71,30.4,14.2,0.85,9.02,2.1,0.95,0.86,1.5,55%,9.7,78%,3.3,0.7,-0.29,-0.04,2.15,0.68,1,-0.4,1.65,0.15
65,0.59,Isaiah Hartenstein,,66,27.3,10.7,0.06,9.33,3.39,0.89,1.08,1.53,61%,7.92,69%,1.43,0.17,-1.15,0.65,2.28,0.53,1.52,-0.43,2.36,-0.63
66,0.59,Jaylen Brown,Status$,59,35.6,25.6,2.35,7.07,5.33,1.28,0.36,3.17,47%,20.21,75%,5.7,2.43,1.34,1.69,1.35,1.51,-0.17,-2.44,0.02,-0.44
67,0.59,Brandon Miller,,68,34.5,21.9,3.98,5.02,4.02,1.14,0.72,2.78,41%,18.39,86%,3.06,1.87,3.11,0.99,0.52,1.16,0.67,-1.96,-2.37,1.28
68,0.57,Paul George,,48,32.3,16.2,2.49,4.96,3.83,1.66,0.52,2.29,44%,13.54,86%,2.09,1.01,1.49,0.88,0.49,2.47,0.2,-1.36,-0.89,0.83
69,0.56,Cameron Johnson,Status$,58,31.7,16.4,2.96,4.16,2.1,0.9,0.41,1.23,48%,11.72,88%,2.5,1.04,2,-0.04,0.16,0.55,-0.06,-0.07,0.24,1.25
70,0.56,Christian Braun,,75,32.6,13.9,1.24,4.56,3.2,1.02,0.45,0.97,55%,9.67,83%,2.39,0.66,0.13,0.55,0.33,0.86,0.04,0.25,1.64,0.63
71,0.56,Jordan Poole,,68,31.5,20.5,3.32,2.99,4.56,1.18,0.33,2.88,44%,15.84,89%,3.75,1.66,2.39,1.28,-0.32,1.26,-0.25,-2.08,-1.03,2.14
72,0.55,Zion Williamson,Status$,54,30.6,25,0.15,7.22,5.4,1.18,0.81,3.11,57%,16.89,69%,8.15,2.34,-1.06,1.73,1.42,1.26,0.89,-2.37,3.65,-2.88
73,0.55,Cooper Flagg,,73,33.6,17.2,1.89,5.49,3.24,1.26,1.06,2.71,45%,13.21,83%,4.16,1.16,0.84,0.57,0.71,1.46,1.48,-1.88,-0.58,1.21
74,0.53,Kyrie Irving,,9,27.6,18.2,2.36,3.68,3.1,1.03,0.42,1.72,45%,14.59,92%,3.03,1.31,1.34,0.49,-0.03,0.88,-0.03,-0.66,-0.64,2.13
75,0.53,John Collins,Status$,68,27.5,14.6,1.38,6.41,1.21,0.76,1.01,1.78,54%,9.85,83%,3.13,0.76,0.28,-0.52,1.08,0.2,1.36,-0.74,1.46,0.87
76,0.52,Keegan Murray,Status$,79,34.4,13,2.54,6.1,1.47,0.82,0.95,0.68,46%,10.78,84%,0.67,0.52,1.55,-0.38,0.96,0.35,1.22,0.61,-0.25,0.1
77,0.52,Josh Hart,,75,32.5,12,1,8.11,4.66,1.22,0.33,1.81,52%,8.73,78%,2.39,0.37,-0.13,1.33,1.78,1.36,-0.25,-0.77,0.91,0.06
78,0.51,Kel'el Ware,,73,27.6,11.9,0.76,9.95,1.31,0.74,1.23,1.12,54%,9.16,68%,1.83,0.36,-0.39,-0.46,2.53,0.15,1.88,0.07,1.36,-0.85
79,0.51,Bradley Beal,Status$,56,29.8,16.6,2.02,3.4,3.46,1.22,0.41,1.64,50%,12.36,81%,2.7,1.07,0.98,0.69,-0.15,1.36,-0.06,-0.57,0.78,0.47
80,0.5,Tari Eason,,58,25.3,12.3,1.1,6.35,1.52,1.61,0.79,1.23,49%,10.2,76%,1.63,0.42,-0.02,-0.35,1.06,2.34,0.84,-0.07,0.42,-0.16
81,0.49,Ausar Thompson,,71,29.4,12.3,0.42,6.75,3.32,1.92,1.04,1.78,52%,9.13,66%,3.64,0.42,-0.77,0.61,1.22,3.12,1.43,-0.74,0.96,-1.89
82,0.48,Shaedon Sharpe,,66,32.4,23.5,2.65,5.23,3.29,0.96,0.21,2.19,48%,18.25,77%,4.43,2.11,1.66,0.6,0.6,0.71,-0.53,-1.24,0.4,0.04
83,0.48,Zach Edey,,54,23.3,11.2,0.41,9.18,1.15,0.62,1.45,1.43,60%,7.43,71%,2.71,0.25,-0.77,-0.55,2.22,-0.15,2.4,-0.31,2.05,-0.8
84,0.48,Immanuel Quickley,,66,31.5,17.5,2.69,3.77,5.74,0.81,0.13,1.75,43%,13.3,86%,3.96,1.2,1.71,1.91,0,0.33,-0.72,-0.7,-1.16,1.7
85,0.47,Matas Buzelis,,77,29,13.5,1.77,5.32,1.94,0.79,1.33,1.91,49%,9.88,82%,2.5,0.6,0.71,-0.13,0.64,0.28,2.11,-0.9,0.4,0.55
86,0.47,Jaden McDaniels,Status$,73,30.4,12.7,1.3,5.82,1.92,1.25,0.89,1.17,48%,10.42,80%,1.64,0.48,0.2,-0.14,0.84,1.44,1.08,0.01,0.2,0.15
87,0.46,Mikal Bridges,,82,35.5,16.9,2.01,2.96,3.73,0.92,0.53,1.53,50%,13.54,81%,1.84,1.11,0.97,0.83,-0.33,0.6,0.23,-0.43,0.87,0.27
88,0.46,DeMar DeRozan,,69,34.6,21.3,1.25,3.71,4.03,0.5,0.36,1.19,46%,16.67,85%,5.63,1.78,0.14,0.99,-0.02,-0.45,-0.17,-0.02,-0.36,2.22
89,0.44,Toumani Camara,,75,32.4,13.2,1.98,5.73,2.3,1.54,0.6,1.43,46%,10.66,73%,1.91,0.55,0.93,0.07,0.81,2.17,0.39,-0.31,-0.25,-0.43
90,0.43,Nic Claxton,,66,27.4,11.6,0.07,7.8,2.4,0.92,1.7,1.3,61%,8.4,52%,2.5,0.31,-1.15,0.12,1.65,0.6,2.99,-0.15,2.51,-3
91,0.43,Robert Williams III,,38,21.4,6.8,0.03,7.06,1.26,0.73,1.49,0.88,65%,4.61,77%,0.92,-0.42,-1.19,-0.49,1.35,0.13,2.49,0.36,1.74,-0.11
92,0.43,Anfernee Simons,,67,30.5,19,3.1,2.49,4.92,0.85,0.06,2.01,44%,15.31,91%,2.74,1.43,2.15,1.47,-0.52,0.43,-0.88,-1.02,-0.99,1.78
93,0.43,Dereck Lively II,,67,23.6,8.5,0,7.32,1.87,0.6,1.62,1.14,70%,5.24,63%,1.8,-0.16,-1.22,-0.16,1.46,-0.2,2.8,0.04,2.56,-1.27
94,0.42,Cason Wallace,,77,27.6,9.9,1.22,3.08,2.64,1.8,0.42,1,51%,7.85,81%,0.76,0.05,0.11,0.25,-0.28,2.82,-0.03,0.22,0.64,0.02
95,0.42,Devin Vassell,,63,28.4,14.8,2.63,4.04,2.32,1.26,0.43,1.2,45%,12.44,83%,1.2,0.8,1.64,0.08,0.11,1.46,-0.01,-0.03,-0.55,0.24
96,0.41,Jrue Holiday,,56,31.4,11.3,1.98,4.58,5.16,1.2,0.51,1.66,43%,9.77,89%,1.11,0.27,0.93,1.6,0.34,1.31,0.18,-0.59,-0.87,0.52
97,0.41,Donte DiVincenzo,,66,29.5,13.6,3.22,4.11,4.08,1.31,0.33,1.81,43%,10.91,79%,1.18,0.61,2.29,1.02,0.14,1.59,-0.25,-0.77,-0.96,0.01
98,0.4,Brandon Ingram,,58,32.6,19,1.73,5.44,4.8,0.72,0.56,2.88,48%,15.05,82%,3.46,1.43,0.66,1.4,0.69,0.1,0.3,-2.08,0.32,0.81
99,0.4,Payton Pritchard,,74,32.6,16.5,3.52,4.56,4.3,0.88,0.21,1.96,44%,13.4,84%,1.33,1.05,2.61,1.14,0.33,0.5,-0.53,-0.96,-0.88,0.34
100,0.4,Tobias Harris,Status$,69,29.6,12.8,1.36,5.09,2.05,0.94,0.73,1.12,47%,10.11,87%,2.12,0.49,0.26,-0.07,0.54,0.66,0.7,0.07,-0.02,0.94
101,0.39,Donovan Clingan,,62,26.6,10.9,0.3,10.19,1.81,0.7,1.68,1.42,55%,8.21,59%,2.65,0.21,-0.89,-0.2,2.63,0.05,2.94,-0.3,1.38,-2.29
102,0.39,Naz Reid,Status$,75,27.5,14.1,2.31,5.99,2.35,0.7,0.88,1.36,46%,11.46,77%,1.69,0.69,1.29,0.09,0.91,0.05,1.05,-0.22,-0.27,-0.08
103,0.39,Julius Randle,,69,33.5,18.2,1.66,7.13,4.91,0.72,0.25,2.73,48%,13.3,80%,4.71,1.31,0.59,1.46,1.38,0.1,-0.43,-1.9,0.28,0.72
104,0.39,Zach LaVine,Status$,67,35.7,21.4,2.83,3.36,3.06,0.64,0.07,2.3,49%,16.57,86%,2.8,1.79,1.86,0.47,-0.16,-0.1,-0.86,-1.37,0.72,1.16
105,0.38,Brandin Podziemski,,69,29.5,14,2.37,5.37,3.42,1.16,0.18,1.26,46%,11.02,76%,2.05,0.67,1.36,0.67,0.66,1.21,-0.6,-0.1,-0.26,-0.16
106,0.38,Aaron Nesmith,,69,29.6,13.3,2.1,4.42,1.48,0.92,0.49,1.24,48%,9.49,87%,2.37,0.57,1.06,-0.37,0.27,0.6,0.13,-0.08,0.18,1.07
107,0.38,Cam Thomas,,52,27.6,20.5,2.63,2.88,3.92,0.58,0.13,2.16,44%,15.2,88%,5.1,1.66,1.64,0.93,-0.36,-0.25,-0.72,-1.2,-0.99,2.72
108,0.38,Bennedict Mathurin,,74,31.5,18.6,1.7,5.64,2.2,0.77,0.34,1.92,46%,12.81,83%,6.11,1.37,0.62,0.01,0.77,0.23,-0.22,-0.91,-0.29,1.85
109,0.37,Norman Powell,Status$,68,34.4,18.2,2.87,3.07,2.02,1.02,0.18,1.61,48%,12.92,80%,3.62,1.31,1.9,-0.08,-0.28,0.86,-0.6,-0.53,0.27,0.52
110,0.37,Cam Whitmore,,77,27.4,17.7,2.19,6.01,1.91,0.9,0.48,1.31,47%,13.95,75%,3.25,1.23,1.16,-0.14,0.92,0.55,0.11,-0.16,-0.01,-0.32
111,0.37,Neemias Queta,,72,24.1,9.2,0.09,7.43,1.66,0.55,1.1,1.03,63%,6.23,75%,1.67,-0.05,-1.13,-0.28,1.5,-0.33,1.57,0.18,2.11,-0.24
112,0.37,Herbert Jones,,73,32.4,10.3,0.97,4.01,3.11,1.76,0.57,1.72,45%,8.46,86%,2.04,0.11,-0.16,0.5,0.1,2.72,0.32,-0.66,-0.4,0.8
113,0.36,Andrew Wiggins,Status$,72,32.6,18.2,2.15,4.85,3.42,1.06,0.85,2.26,44%,14.21,77%,4.48,1.31,1.12,0.67,0.45,0.96,0.98,-1.33,-0.93,0.04
114,0.36,Bobby Portis,,68,24.7,13.7,1.34,7.95,2.24,0.8,0.47,1.13,47%,11.93,81%,1.54,0.63,0.24,0.03,1.71,0.3,0.08,0.06,-0.02,0.2
115,0.35,Jalen Suggs,,61,30.4,13.1,1.73,3.81,3.27,1.51,0.84,2.24,43%,10.85,82%,2.54,0.54,0.66,0.59,0.02,2.09,0.96,-1.3,-0.96,0.56
116,0.34,Mitchell Robinson,Status$,69,24.4,7.4,0,8.42,0.79,1.01,1.48,0.76,67%,4.78,52%,1.96,-0.32,-1.22,-0.74,1.91,0.83,2.47,0.51,2.02,-2.39
117,0.33,Sam Hauser,,69,27.6,12.1,3.27,4.83,1.66,0.72,0.29,0.79,45%,9.16,88%,0.77,0.39,2.34,-0.28,0.44,0.1,-0.34,0.47,-0.42,0.28
118,0.33,Jay Huff,,69,23.3,9.9,1.52,4.56,1.08,0.59,1.27,0.92,51%,7.2,80%,1.25,0.05,0.43,-0.59,0.33,-0.23,1.97,0.31,0.59,0.08
119,0.33,Paolo Banchero,,73,34.5,24.9,1.97,7.85,4.66,0.8,0.56,2.95,45%,18.72,74%,8.08,2.32,0.92,1.33,1.67,0.3,0.3,-2.17,-0.8,-0.94
120,0.32,Ryan Kalkbrenner,,77,24.6,9,0.12,5.81,1.11,0.37,1.73,0.98,62%,6.16,70%,1.83,-0.08,-1.09,-0.57,0.84,-0.78,3.06,0.24,1.95,-0.68
121,0.32,Kevin Porter Jr.,Status$,73,27.6,15.8,1.15,5.25,5.56,1.2,0.17,2.75,47%,11.58,80%,4.63,0.95,0.03,1.81,0.61,1.31,-0.62,-1.92,-0.02,0.71
122,0.31,Aaron Gordon,,66,32.4,14.5,1.45,4.81,3.1,0.54,0.33,1.32,53%,9.65,79%,3.53,0.75,0.36,0.49,0.43,-0.35,-0.25,-0.18,1.22,0.33
123,0.31,De'Andre Hunter,,66,31.4,16.4,2.53,5.12,1.83,0.81,0.39,1.44,45%,12.66,81%,2.84,1.04,1.53,-0.19,0.56,0.33,-0.1,-0.32,-0.56,0.51
124,0.31,Isaiah Jackson,Status$,51,20.3,9.6,0.02,5.79,1.19,0.8,1.67,1.21,60%,6.15,69%,3.11,0.01,-1.19,-0.53,0.83,0.3,2.91,-0.04,1.68,-1.19
125,0.31,Adem Bona,,71,20.6,8.4,0.01,6.87,0.6,0.61,1.68,1.41,70%,4.93,66%,2.14,-0.17,-1.21,-0.84,1.27,-0.18,2.94,-0.29,2.4,-1.17
126,0.3,Alex Caruso,Status$,52,19.4,7.7,1.11,2.86,2.53,1.48,0.58,0.65,47%,5.9,83%,1.22,-0.28,-0.01,0.19,-0.37,2.01,0.34,0.64,-0.04,0.24
127,0.3,Reed Sheppard,,62,27.7,12.5,2.48,3.24,4.76,1.52,0.66,2.26,40%,11.35,80%,1.1,0.45,1.48,1.38,-0.21,2.12,0.53,-1.33,-1.73,0.05
128,0.3,Khris Middleton,Status$,48,25.3,13.4,1.41,4.3,4.66,0.86,0.22,1.88,49%,10.07,84%,2.43,0.58,0.31,1.33,0.22,0.45,-0.5,-0.86,0.41,0.76
129,0.3,Chris Boucher,,62,23.6,12.3,1.62,6.76,0.89,0.63,0.68,0.85,49%,9.35,77%,1.96,0.42,0.55,-0.69,1.23,-0.13,0.58,0.4,0.38,-0.07
130,0.29,Daniel Gafford,Status$,57,20.2,9,0,6.01,1.32,0.46,1.54,0.94,68%,5.36,67%,2.55,-0.08,-1.22,-0.46,0.92,-0.55,2.61,0.29,2.38,-1.25
131,0.29,Al Horford,,55,28.5,8.6,1.91,6.57,2.57,0.59,0.85,0.88,43%,7.37,86%,0.44,-0.14,0.86,0.21,1.15,-0.23,0.98,0.36,-0.67,0.05
132,0.28,Kevin Huerter,,63,27.4,12.6,2.63,3.18,3.24,1.03,0.32,1.03,45%,10.42,74%,0.72,0.46,1.64,0.57,-0.24,0.88,-0.27,0.18,-0.47,-0.23
133,0.28,Scotty Pippen Jr.,,72,25.3,12.2,1.41,3.5,4.93,1.38,0.48,2,48%,9.09,73%,2.95,0.4,0.31,1.47,-0.11,1.76,0.11,-1.01,0.17,-0.58
134,0.28,Taylor Hendricks,,63,26.5,8.6,1.65,5.56,1,0.98,1.17,0.85,42%,7.26,77%,1.05,-0.14,0.58,-0.63,0.74,0.76,1.74,0.4,-0.82,-0.11
135,0.28,Kyle Filipowski,,77,24.4,12.7,1.32,7.45,1.83,0.76,0.58,1.33,53%,9.47,67%,2.17,0.48,0.22,-0.19,1.51,0.2,0.34,-0.19,1.2,-1.09
136,0.27,T.J. McConnell,,74,23.7,10.1,0.5,2.92,6.18,1.35,0.29,1.9,51%,8.43,80%,1.21,0.08,-0.67,2.14,-0.34,1.69,-0.34,-0.88,0.7,0.07
137,0.27,Andrew Nembhard,,69,32.6,12.6,1.37,3.53,6.36,1.23,0.2,2.19,45%,9.8,80%,2.92,0.46,0.26,2.24,-0.09,1.39,-0.55,-1.24,-0.45,0.39
138,0.25,Lonzo Ball,Status$,52,23.6,8.4,2.15,3.8,3.46,1.41,0.52,1.18,38%,7.57,83%,0.7,-0.17,1.11,0.69,0.02,1.84,0.2,0,-1.5,0.07
139,0.25,Dejounte Murray,,15,25.7,13.7,1.66,5.04,5.16,1.19,0.28,2.16,42%,11.88,81%,2.61,0.63,0.59,1.6,0.52,1.28,-0.36,-1.2,-1.3,0.45
140,0.24,Isaiah Stewart,,66,22.4,6.9,0.3,5.62,1.55,0.37,1.59,0.98,59%,4.77,73%,1.28,-0.4,-0.89,-0.34,0.76,-0.78,2.73,0.24,1.19,-0.34
141,0.24,Draymond Green,Status$,69,28.6,8.6,1.16,5.87,6,1.4,0.82,2.56,41%,7.62,70%,1.85,-0.14,0.04,2.05,0.86,1.81,0.91,-1.69,-1.02,-0.69
142,0.23,Goga Bitadze,,75,20.6,7.1,0.1,6.35,1.7,0.74,1.31,0.88,59%,4.86,66%,1.91,-0.37,-1.11,-0.26,1.06,0.15,2.07,0.36,1.21,-1.06
143,0.23,Grayson Allen,,72,27.3,11.6,2.34,3,3.12,0.94,0.34,1.41,46%,8.42,81%,1.86,0.31,1.32,0.5,-0.31,0.66,-0.22,-0.29,-0.21,0.28
144,0.22,Caris LeVert,,65,27.5,13.6,1.86,3.67,3.22,1,0.4,1.16,46%,10.75,74%,2.58,0.61,0.8,0.56,-0.04,0.81,-0.08,0.02,-0.25,-0.41
145,0.22,CJ McCollum,Status$,54,29.5,18.6,2.71,3.67,4.57,0.65,0.38,2.25,45%,15.25,76%,3.04,1.37,1.72,1.28,-0.04,-0.08,-0.13,-1.31,-0.66,-0.17
146,0.22,Malik Monk,,59,25.6,14.5,1.95,3.02,4.14,0.7,0.49,2.02,46%,11.79,85%,2.05,0.75,0.9,1.05,-0.3,0.05,0.13,-1.03,-0.27,0.71
147,0.22,Brook Lopez,,66,20.7,9.2,1.16,3.32,1.02,0.31,1.3,0.69,52%,6.77,85%,1.25,-0.05,0.05,-0.62,-0.18,-0.93,2.04,0.6,0.69,0.37
148,0.22,Santi Aldama,,73,26.7,12.2,2.02,5.99,3.16,0.81,0.59,1.24,45%,10.06,65%,1.66,0.4,0.98,0.53,0.91,0.33,0.37,-0.08,-0.46,-1.02
149,0.21,Jaden Ivey,,71,31.6,19.1,2.15,3.92,4.24,1.03,0.4,2.6,46%,15,74%,4.18,1.45,1.12,1.1,0.07,0.88,-0.08,-1.74,-0.33,-0.56
150,0.21,Kelly Oubre Jr.,,66,32.4,12.6,1.05,4.7,1.44,1.33,0.46,1.25,48%,10.06,75%,2.61,0.46,-0.07,-0.39,0.38,1.64,0.06,-0.09,0.19,-0.29
151,0.21,Obi Toppin,,78,23.6,13.1,1.75,4.99,2.42,0.55,0.44,1.33,51%,9.51,75%,2,0.54,0.68,0.13,0.5,-0.33,0.01,-0.19,0.79,-0.26
152,0.21,Quentin Grimes,,71,28.4,12.6,2.32,4.17,2.63,1.04,0.35,1.42,45%,9.81,75%,2.07,0.46,1.3,0.24,0.17,0.91,-0.2,-0.3,-0.45,-0.26
153,0.21,Jalen Green,,79,35.4,21.6,2.79,5.15,5.43,0.87,0.35,2.84,42%,17.95,75%,4.82,1.82,1.81,1.74,0.57,0.48,-0.2,-2.03,-1.93,-0.4
154,0.2,Zaccharie Risacher,Status$,76,28,15,2.14,3.98,1.47,0.78,0.6,1.41,49%,11.6,71%,2.13,0.83,1.11,-0.38,0.09,0.25,0.39,-0.29,0.48,-0.67
155,0.2,Josh Minott,,62,17.2,8.2,1.03,3.59,1.17,0.97,0.75,0.73,50%,5.91,83%,1.55,-0.2,-0.1,-0.54,-0.07,0.73,0.75,0.55,0.34,0.35
156,0.2,Ayo Dosunmu,,73,25.7,11.3,1.35,2.8,3.66,0.89,0.35,1.54,52%,8.62,80%,1.36,0.27,0.25,0.79,-0.39,0.53,-0.2,-0.44,0.9,0.1
157,0.2,Jabari Smith Jr.,Status$,71,28.5,12.8,1.95,7.01,1.12,0.46,0.54,1.1,44%,10.36,83%,2.09,0.49,0.9,-0.57,1.33,-0.55,0.25,0.09,-0.69,0.53
158,0.2,Ty Jerome,,76,21.7,12.4,1.5,2.68,4.1,1.1,0.05,1.64,47%,9.6,85%,2.21,0.43,0.42,1.03,-0.44,1.06,-0.91,-0.57,-0.03,0.78
159,0.2,Matisse Thybulle,,61,22.3,7.2,1.21,2.87,1.28,1.69,0.66,0.66,45%,6.16,65%,0.72,-0.35,0.1,-0.48,-0.36,2.54,0.53,0.63,-0.31,-0.53
160,0.19,VJ Edgecombe,,77,27.3,12,1.62,4.71,2.36,1.6,0.46,1.64,41%,9.8,76%,3.04,0.37,0.54,0.1,0.39,2.32,0.06,-0.57,-1.29,-0.17
161,0.19,Kyshawn George,,70,28.3,10.2,1.66,5.04,2.93,1.11,0.64,1.53,43%,8.53,75%,1.66,0.1,0.59,0.4,0.52,1.08,0.49,-0.43,-0.77,-0.24
162,0.19,Jonas Valančiūnas,,71,17.8,9.9,0.13,7.53,1.91,0.38,0.48,1.31,57%,7.25,85%,1.81,0.05,-1.08,-0.14,1.54,-0.76,0.11,-0.16,1.53,0.61
163,0.19,Scoot Henderson,,71,32.4,17.1,1.84,3.91,6.81,1.02,0.32,3.33,44%,13.97,78%,3.82,1.14,0.78,2.48,0.06,0.86,-0.27,-2.63,-0.91,0.19
164,0.19,D'Angelo Russell,Status$,68,27.3,12.9,2.33,2.46,5.56,0.86,0.45,2.07,41%,10.82,84%,2,0.51,1.32,1.81,-0.53,0.45,0.04,-1.09,-1.42,0.59
165,0.18,Kentavious Caldwell-Pope,Status$,66,27.7,9.4,1.84,2.71,1.85,1.16,0.37,0.8,43%,7.37,89%,1.32,-0.02,0.78,-0.18,-0.43,1.21,-0.15,0.46,-0.67,0.65
166,0.18,Aaron Wiggins,Status$,72,21.6,12.7,1.81,3.66,1.68,0.78,0.23,0.88,49%,9.97,81%,1.49,0.48,0.75,-0.27,-0.04,0.25,-0.48,0.36,0.41,0.19
167,0.18,Keon Ellis,,74,22.7,6.4,1.47,2.55,1.43,1.41,0.7,0.75,44%,4.92,81%,0.74,-0.48,0.38,-0.4,-0.5,1.84,0.63,0.52,-0.36,0.02
168,0.18,Jeremy Sochan,Status$,66,25.6,11.2,0.81,6.25,2.41,0.87,0.48,1.51,54%,8.13,70%,2.26,0.25,-0.34,0.12,1.02,0.48,0.11,-0.41,1.2,-0.8
169,0.18,Jalen Smith,,54,17.2,9.3,1.07,6.57,1.16,0.3,0.72,0.6,51%,7.17,80%,1.18,-0.04,-0.05,-0.54,1.15,-0.96,0.67,0.71,0.58,0.06
170,0.17,Ziaire Williams,,69,25.7,12,2.15,3.96,1.18,0.99,0.44,1.07,43%,9.76,83%,1.89,0.37,1.11,-0.53,0.08,0.78,0.01,0.13,-0.87,0.46
171,0.17,Jared McCain,,70,25.6,15.6,2.28,2.34,2.81,0.67,0.12,1.8,47%,11.76,87%,2.5,0.92,1.26,0.34,-0.58,-0.02,-0.74,-0.76,-0.02,1.14
172,0.16,Gary Trent Jr.,,74,29.5,12.1,2.43,2.67,1.58,1.09,0.06,0.62,42%,9.45,85%,1.9,0.39,1.43,-0.32,-0.45,1.03,-0.88,0.68,-1.05,0.65
173,0.16,Buddy Hield,Status$,75,23.3,11.8,2.69,3.24,1.45,0.85,0.28,0.82,44%,9.53,83%,0.86,0.34,1.71,-0.39,-0.21,0.43,-0.36,0.44,-0.64,0.13
174,0.16,Luguentz Dort,Status$,74,29.5,9.3,2.31,3.92,1.45,1.08,0.5,0.82,42%,7.92,73%,0.54,-0.04,1.29,-0.39,0.07,1.01,0.16,0.44,-0.89,-0.23
175,0.16,Bilal Coulibaly,,66,32.3,12.8,1.2,5.12,3.72,1.24,0.69,2.08,44%,10.72,72%,3.11,0.49,0.09,0.83,0.56,1.41,0.6,-1.11,-0.71,-0.75
176,0.16,Brice Sensabaugh,,72,25.3,15.4,2.94,3.6,1.97,0.71,0.15,1.73,44%,12.43,87%,1.86,0.89,1.97,-0.11,-0.07,0.08,-0.67,-0.68,-0.82,0.81
177,0.15,Jerami Grant,,55,28.6,13.5,2.25,3.14,1.68,0.8,0.81,1.37,38%,11.52,87%,2.92,0.6,1.22,-0.27,-0.25,0.3,0.89,-0.24,-2.25,1.35
178,0.15,Dillon Brooks,,75,31.5,14.2,2.54,3.43,2.64,0.94,0.2,1.5,43%,11.67,81%,1.92,0.7,1.54,0.25,-0.14,0.66,-0.55,-0.4,-1.02,0.29
179,0.15,Kon Knueppel,,70,27.3,12.4,1.97,2.97,2.71,0.8,0.17,1.37,44%,9.44,88%,2.39,0.43,0.93,0.29,-0.32,0.3,-0.62,-0.24,-0.64,1.19
180,0.14,Moussa Diabaté,,71,22.4,9.5,0.03,7.6,0.9,0.91,0.63,1.1,63%,6.12,65%,2.76,-0.01,-1.18,-0.68,1.57,0.58,0.46,0.09,2.07,-1.6
181,0.14,Chris Paul,,69,23.6,7.4,1.54,3.1,5.11,1.03,0.25,1.33,43%,6.19,88%,0.6,-0.32,0.45,1.57,-0.27,0.88,-0.43,-0.19,-0.57,0.18
182,0.14,Guerschon Yabusele,Status$,72,25.7,10.5,1.35,4.9,2.05,0.8,0.27,1.22,52%,7.52,76%,1.68,0.14,0.25,-0.07,0.47,0.3,-0.39,-0.05,0.78,-0.16
183,0.14,Wendell Carter Jr.,,68,27.5,8.8,0.76,7.22,1.58,0.82,0.73,1.23,49%,6.94,71%,1.73,-0.11,-0.39,-0.32,1.42,0.35,0.7,-0.07,0.26,-0.57
184,0.14,Nikola Jović,,61,25.6,10.2,1.68,4.25,3,0.82,0.32,1.57,47%,7.83,84%,1.26,0.1,0.61,0.44,0.2,0.35,-0.27,-0.48,-0.03,0.32
185,0.14,Day'Ron Sharpe,Status$,71,18.7,8.4,0.31,7.46,1.88,0.59,0.93,1.24,52%,6.92,68%,1.29,-0.17,-0.88,-0.16,1.51,-0.23,1.17,-0.08,0.71,-0.65
186,0.13,Luke Kornet,,68,17.2,6,0.01,5.08,1.17,0.43,0.97,0.37,69%,3.86,69%,0.96,-0.54,-1.21,-0.54,0.54,-0.63,1.26,0.99,1.78,-0.48
187,0.13,Brandon Clarke,,47,16.8,8.3,0.01,4.75,1.23,0.66,0.57,0.64,67%,5.42,70%,1.42,-0.19,-1.21,-0.51,0.4,-0.05,0.32,0.66,2.29,-0.56
188,0.13,Ace Bailey,,67,31.4,16.7,1.79,5.92,1.76,0.85,0.65,1.63,44%,15.16,71%,2.4,1.08,0.73,-0.22,0.88,0.43,0.51,-0.55,-0.98,-0.73
189,0.11,Sam Merrill,Status$,72,22.8,9.5,2.64,2.68,1.95,0.83,0.19,0.52,43%,7.76,93%,0.24,-0.01,1.65,-0.12,-0.44,0.38,-0.58,0.8,-0.7,0.04
190,0.11,Dennis Schröder,,76,30.6,12.4,1.44,2.97,6.31,0.81,0.19,1.89,40%,10.28,84%,3.19,0.43,0.34,2.21,-0.32,0.33,-0.58,-0.87,-1.57,1.04
191,0.11,Zach Collins,,60,17.7,8.3,0.67,5.79,2.17,0.52,0.59,1.38,53%,5.97,83%,1.63,-0.19,-0.49,0,0.83,-0.4,0.37,-0.25,0.73,0.38
192,0.11,Keyonte George,,70,29.5,17.2,2.76,3.29,4.6,0.58,0.13,2.02,40%,13.7,82%,4.15,1.16,1.78,1.3,-0.19,-0.25,-0.72,-1.03,-2.08,1.01
193,0.11,Yves Missi,,68,24.3,8.6,0.01,7.92,1.17,0.39,1.24,0.8,57%,6.23,62%,2.44,-0.14,-1.21,-0.54,1.7,-0.73,1.9,0.46,1.3,-1.78
194,0.11,Rui Hachimura,,74,28.5,11.8,1.54,4.17,1.02,0.59,0.35,0.6,50%,9.06,75%,1.54,0.34,0.45,-0.62,0.17,-0.23,-0.2,0.71,0.56,-0.23
195,0.1,Jaylin Williams,,65,18.7,6.2,1.3,5.99,2.78,0.56,0.61,0.91,44%,4.77,77%,0.81,-0.51,0.19,0.32,0.91,-0.3,0.42,0.33,-0.35,-0.12
196,0.1,Ben Sheppard,,71,24.4,8.5,1.61,3.99,2.2,0.84,0.25,0.69,43%,7,90%,0.94,-0.16,0.53,0.01,0.09,0.4,-0.43,0.6,-0.64,0.46
197,0.09,Larry Nance Jr.,,61,22.4,7.3,0.91,4.84,1.92,1.05,0.42,0.77,47%,6.32,73%,0.63,-0.34,-0.23,-0.14,0.44,0.93,-0.03,0.5,-0.04,-0.25
198,0.09,Dylan Harper,,72,27.4,13.7,1.19,4.59,3.85,1.06,0.4,2.12,45%,10.94,75%,3.61,0.63,0.07,0.9,0.34,0.96,-0.08,-1.15,-0.49,-0.34
199,0.09,Jaylen Wells,,74,27.5,11.2,1.9,4.27,2.16,0.62,0.12,0.99,44%,8.38,85%,2.15,0.25,0.84,-0.01,0.21,-0.15,-0.74,0.23,-0.57,0.75
200,0.09,Tre Jones,,73,20.3,8.4,0.41,2.86,4.32,0.83,0.17,0.89,50%,6.67,84%,1.64,-0.17,-0.78,1.15,-0.37,0.38,-0.62,0.35,0.39,0.46
201,0.09,Terance Mann,,67,26.6,10.7,1.12,3.69,2.24,0.69,0.23,0.9,51%,8.22,79%,1.38,0.17,0,0.03,-0.03,0.03,-0.48,0.34,0.68,0.04
202,0.08,Bruce Brown,,73,26.5,10.3,0.95,3.87,2.7,0.9,0.39,1.34,47%,8.46,81%,1.73,0.11,-0.18,0.28,0.04,0.55,-0.1,-0.2,-0.03,0.25
203,0.08,Collin Murray-Boyles,,68,21.3,8.7,0.19,5.18,1.97,1.14,0.78,1.47,52%,6.41,70%,2.62,-0.13,-1.01,-0.11,0.58,1.16,0.82,-0.36,0.65,-0.91
204,0.08,De'Anthony Melton,,47,21.3,9.3,1.78,3.42,2.7,1.15,0.36,1.41,41%,7.85,82%,1.25,-0.04,0.72,0.28,-0.14,1.18,-0.17,-0.29,-1.05,0.2
205,0.07,RJ Barrett,Status$,76,31.3,17.6,1.63,6.03,4.07,0.81,0.26,2.09,45%,14.65,70%,3.94,1.22,0.55,1.01,0.93,0.33,-0.41,-1.12,-0.64,-1.29
206,0.06,Luka Garza,,64,21.6,12.3,0.99,5.71,1.35,0.53,0.29,1.34,53%,8.85,75%,2.65,0.42,-0.14,-0.44,0.8,-0.38,-0.34,-0.2,1.12,-0.29
207,0.06,Ryan Dunn,,71,26.5,9.9,1.81,5.72,0.85,1.27,0.69,0.75,40%,9.44,51%,1.16,0.05,0.75,-0.71,0.8,1.49,0.6,0.52,-1.45,-1.53
208,0.06,Duncan Robinson,,68,26.6,11.5,2.78,2.64,2.36,0.69,0.11,1.29,44%,9.21,88%,0.74,0.3,1.8,0.1,-0.46,0.03,-0.76,-0.14,-0.62,0.26
209,0.05,Noah Clowney,,71,25.3,11.7,2,4.5,1.05,0.57,0.69,1.11,40%,9.62,82%,2.6,0.33,0.95,-0.6,0.3,-0.28,0.6,0.08,-1.48,0.57
210,0.05,Ronald Holland II,,74,23.3,10.2,0.87,3.85,2.05,1.07,0.38,1.34,49%,7.29,75%,2.85,0.1,-0.27,-0.07,0.04,0.98,-0.13,-0.2,0.28,-0.3
211,0.05,Harrison Barnes,Status$,73,24.6,10.6,1.85,3.17,1.34,0.52,0.16,0.6,49%,7.58,81%,1.6,0.16,0.79,-0.45,-0.24,-0.4,-0.65,0.71,0.29,0.22
212,0.05,Max Strus,,36,25.4,9.9,2.23,4.21,2.95,0.58,0.2,1.06,43%,8.14,79%,0.79,0.05,1.2,0.41,0.18,-0.25,-0.55,0.14,-0.73,-0.05
213,0.04,P.J. Washington,,76,27.5,12.3,1.35,5.17,1.77,0.87,0.64,1.56,47%,9.62,69%,2.82,0.42,0.25,-0.22,0.58,0.48,0.49,-0.47,-0.03,-1.1
214,0.04,Ryan Rollins,,71,18.7,7.8,0.98,2.6,3.33,1.05,0.28,1.34,49%,5.99,80%,1.29,-0.26,-0.16,0.62,-0.47,0.93,-0.36,-0.2,0.22,0.08
215,0.04,Mike Conley,Status$,58,23.3,7.4,1.55,2.34,4.05,0.82,0.19,1.02,43%,5.82,88%,0.96,-0.32,0.46,1,-0.58,0.35,-0.58,0.19,-0.54,0.39
216,0.04,Marcus Smart,Status$,46,27.4,9.7,1.52,2.5,3.85,1.5,0.28,1.85,40%,8.54,77%,1.7,0.02,0.44,0.9,-0.52,2.07,-0.36,-0.82,-1.32,-0.08
217,0.03,Bub Carrington,,71,28.6,10.4,1.88,4.58,5.15,0.56,0.31,2.24,42%,8.87,83%,1.37,0.13,0.83,1.59,0.34,-0.3,-0.29,-1.3,-0.99,0.29
218,0.03,Royce O'Neale,,74,22.3,8.7,2.26,3.68,2.41,0.78,0.4,0.92,41%,7.52,66%,0.52,-0.13,1.24,0.12,-0.03,0.25,-0.08,0.31,-1.01,-0.4
219,0.03,Jonathan Isaac,Status$,56,16.2,4.4,0.44,4.65,0.7,0.96,1.15,0.67,43%,3.62,71%,1.13,-0.78,-0.74,-0.79,0.36,0.71,1.69,0.62,-0.36,-0.43
220,0.03,Karlo Matković,,42,16.3,7.2,0.51,4.26,0.89,0.43,0.75,0.9,60%,4.97,79%,0.91,-0.35,-0.67,-0.69,0.2,-0.63,0.75,0.34,1.35,-0.03
221,0.03,Justin Champagnie,Status$,61,17.7,7,0.9,4.64,0.79,0.81,0.5,0.69,52%,5.14,72%,1,-0.39,-0.24,-0.74,0.36,0.33,0.16,0.6,0.51,-0.35
222,0.02,Moritz Wagner,,38,17.3,10.1,0.63,4.38,1.17,0.6,0.27,1.09,58%,6.41,77%,2.65,0.08,-0.54,-0.54,0.25,-0.2,-0.39,0.11,1.48,-0.04
223,0.02,Moses Moody,Status$,72,22.4,9.2,1.61,2.48,1.18,0.81,0.47,0.68,45%,7.1,80%,1.41,-0.05,0.53,-0.53,-0.52,0.33,0.08,0.61,-0.34,0.11
224,0.02,Klay Thompson,,62,25.3,11.6,2.64,2.67,1.6,0.56,0.43,0.89,41%,10.3,90%,0.72,0.31,1.65,-0.31,-0.45,-0.3,-0.01,0.35,-1.36,0.32
225,0.02,Dru Smith,,38,18.8,6.1,0.98,2.4,2.02,1.19,0.36,0.9,47%,4.82,82%,0.8,-0.52,-0.16,-0.08,-0.56,1.28,-0.17,0.34,-0.04,0.07
226,0.01,Quinten Post,,65,20.3,9.6,2.17,3.68,1.3,0.45,0.53,0.94,45%,7.66,77%,0.84,0.01,1.14,-0.47,-0.03,-0.58,0.23,0.29,-0.36,-0.12
227,0.01,Collin Sexton,Status$,59,25.4,12.5,1.24,2.24,3.18,0.66,0.11,1.79,48%,9.63,86%,2.4,0.45,0.13,0.54,-0.62,-0.05,-0.76,-0.75,0.18,0.97
228,0.01,Khaman Maluach,Status$,66,18.8,6.9,0.18,5.79,0.68,0.34,0.91,0.91,57%,4.98,76%,1.26,-0.4,-1.02,-0.8,0.83,-0.86,1.12,0.33,1.03,-0.16
229,0.01,Bogdan Bogdanović,,55,22.7,9.8,1.74,2.82,2.19,0.65,0.18,0.96,45%,7.88,89%,1.08,0.04,0.67,0.01,-0.38,-0.08,-0.6,0.27,-0.37,0.5
230,0.01,Jonathan Kuminga,Status$,73,26.7,17.4,1.14,5.46,2.49,0.86,0.49,1.62,48%,12.84,68%,5.7,1.19,0.02,0.17,0.7,0.45,0.13,-0.54,0.26,-2.33
231,0.01,Isaiah Collier,,74,27.6,11.4,0.79,3.32,6.73,1.16,0.24,2.66,46%,9.43,71%,2.87,0.28,-0.36,2.44,-0.18,1.21,-0.46,-1.81,-0.23,-0.84
232,0,Tre Johnson,,73,28.6,13.9,2.29,2.67,2.57,0.74,0.22,1.45,41%,12.13,84%,2.06,0.66,1.27,0.21,-0.45,0.15,-0.5,-0.33,-1.59,0.62
233,0,Davion Mitchell,,74,26.5,7.3,0.89,2.42,5.16,1.15,0.22,1.55,46%,6.05,70%,1.15,-0.34,-0.25,1.6,-0.55,1.18,-0.5,-0.46,-0.17,-0.49
234,0,Dean Wade,,67,24.3,6.7,1.75,3.98,1.18,0.81,0.44,0.46,42%,5.4,68%,0.63,-0.43,0.68,-0.53,0.09,0.33,0.01,0.88,-0.62,-0.4
235,0,Jordan Clarkson,Status$,68,26.6,14.2,2.15,3.19,4.35,0.77,0.17,2.27,41%,12.01,81%,2.86,0.7,1.12,1.16,-0.23,0.23,-0.62,-1.34,-1.57,0.51
236,-0.01,Vince Williams Jr.,,72,20.8,8.9,1.47,4.2,2.59,0.68,0.41,1.29,43%,7.41,81%,1.25,-0.1,0.38,0.22,0.18,0,-0.06,-0.14,-0.67,0.14
237,-0.01,Nickeil Alexander-Walker,,75,24.6,9.5,1.81,3.18,2.6,0.62,0.46,1.22,43%,7.52,78%,1.6,-0.01,0.75,0.23,-0.24,-0.15,0.06,-0.05,-0.68,-0.01
238,-0.01,Kris Dunn,Status$,61,19.7,5.4,0.88,2.86,2.16,1.23,0.33,0.78,44%,4.99,81%,0.24,-0.63,-0.27,-0.01,-0.37,1.39,-0.25,0.49,-0.37,-0.1
239,-0.02,Naji Marshall,,74,24.6,10.3,0.98,4.54,2.45,0.87,0.16,1.48,46%,8.53,80%,1.84,0.11,-0.15,0.15,0.32,0.48,-0.65,-0.37,-0.21,0.19
240,-0.02,Dorian Finney-Smith,Status$,61,26.6,8.8,1.98,3.47,1.17,0.87,0.35,0.88,43%,7.43,71%,0.52,-0.11,0.94,-0.54,-0.12,0.48,-0.2,0.36,-0.68,-0.28
241,-0.03,Jaxson Hayes,Status$,68,16.8,6.4,0.01,3.96,0.78,0.51,0.75,0.69,76%,3.56,65%,1.59,-0.48,-1.21,-0.75,0.08,-0.43,0.75,0.6,2.18,-0.99
242,-0.03,Cole Anthony,,67,19.2,9,1.14,3.16,3.09,0.69,0.37,1.51,44%,7.36,86%,1.62,-0.08,0.02,0.49,-0.25,0.03,-0.15,-0.41,-0.51,0.61
243,-0.03,Isaiah Joe,,73,19.4,8.9,2.3,2.35,1.36,0.52,0.12,0.4,45%,6.78,84%,0.65,-0.1,1.28,-0.44,-0.58,-0.4,-0.74,0.95,-0.33,0.09
244,-0.03,Tyus Jones,Status$,73,23.4,6.8,1.36,2.13,4.31,0.74,0.1,0.74,44%,6,84%,0.24,-0.42,0.26,1.14,-0.67,0.15,-0.79,0.53,-0.43,-0.07
245,-0.03,Terrence Shannon Jr.,Status$,74,24.3,10.3,0.81,3.15,1.91,0.55,0.31,0.95,50%,8.35,81%,1.38,0.11,-0.34,-0.14,-0.25,-0.33,-0.29,0.28,0.51,0.17
246,-0.03,Hansen Yang,,58,18.3,7.6,0.39,6.37,1.98,0.49,1.09,2.03,51%,6.01,69%,1.57,-0.29,-0.79,-0.11,1.07,-0.48,1.55,-1.04,0.48,-0.68
247,-0.04,Anthony Black,,74,21.7,8.1,0.72,3.09,2.22,1.01,0.55,1.19,45%,7.05,76%,1.44,-0.22,-0.44,0.02,-0.27,0.83,0.27,-0.02,-0.34,-0.16
248,-0.04,Taurean Prince,,78,27.4,7.4,1.53,2.87,1.87,0.94,0.23,1.02,45%,5.83,81%,0.72,-0.32,0.45,-0.16,-0.36,0.66,-0.48,0.19,-0.29,0.01
249,-0.04,Derrick Jones Jr.,,74,23.7,8.9,0.96,3.35,0.71,0.88,0.49,0.77,52%,6.71,65%,1.48,-0.1,-0.18,-0.79,-0.17,0.5,0.13,0.5,0.69,-0.93
250,-0.05,Peyton Watson,,74,19.3,6.6,0.55,3.2,1.04,0.51,1.25,0.7,50%,5.06,66%,1.52,-0.45,-0.63,-0.61,-0.23,-0.43,1.92,0.58,0.28,-0.88
251,-0.05,Stephon Castle,,77,28.6,14.3,1.08,3.95,4.29,1,0.3,2.32,45%,11.71,72%,3.88,0.72,-0.04,1.13,0.08,0.81,-0.32,-1.4,-0.52,-0.9
252,-0.05,Baylor Scheierman,,71,20.6,8.7,1.76,4.2,2.35,0.85,0.13,1.06,41%,7.54,76%,1.06,-0.13,0.7,0.09,0.18,0.43,-0.72,0.14,-1.01,-0.16
253,-0.05,Mouhamed Gueye,,70,15.3,5.5,0.6,4.01,0.73,0.69,0.83,0.47,45%,4.55,75%,1.19,-0.61,-0.57,-0.77,0.1,0.03,0.93,0.86,-0.24,-0.22
254,-0.06,Haywood Highsmith,,63,24.3,6,1.14,3.98,1.66,0.83,0.34,0.74,45%,5.07,72%,0.39,-0.54,0.02,-0.28,0.09,0.38,-0.22,0.53,-0.26,-0.23
255,-0.06,Keldon Johnson,,75,20.3,9.9,0.92,3.97,1.3,0.49,0.26,0.92,50%,7.78,80%,1.61,0.05,-0.22,-0.47,0.09,-0.48,-0.41,0.31,0.47,0.14
256,-0.06,Saddiq Bey,Status$,54,23.3,9.7,1.45,4.05,0.92,0.57,0.15,0.72,43%,7.84,87%,1.76,0.02,0.36,-0.67,0.12,-0.28,-0.67,0.56,-0.71,0.75
257,-0.06,Isaac Okoro,Status$,61,22.4,8.2,1.04,2.71,1.55,0.69,0.37,0.51,50%,6.12,71%,1.46,-0.2,-0.09,-0.34,-0.43,0.03,-0.15,0.82,0.36,-0.51
258,-0.06,Miles McBride,Status$,67,20.7,7.9,1.49,2.09,1.93,0.9,0.23,0.52,42%,7.1,82%,0.56,-0.25,0.41,-0.13,-0.68,0.55,-0.48,0.8,-0.8,0
259,-0.07,Jose Alvarado,,55,19.6,7.8,1.44,2.17,2.99,1.01,0.22,0.98,40%,6.97,81%,0.93,-0.26,0.35,0.44,-0.65,0.83,-0.5,0.24,-1.09,0.06
260,-0.07,Patrick Williams,Status$,68,21.7,8.8,1.42,3.09,1.64,0.77,0.38,1.14,46%,7.29,75%,0.99,-0.11,0.32,-0.29,-0.27,0.23,-0.13,0.04,-0.19,-0.21
261,-0.07,Jake LaRavia,,66,23.2,7.9,1.12,3.22,1.76,0.98,0.37,1.11,45%,6.27,74%,1.44,-0.25,0,-0.22,-0.22,0.76,-0.15,0.08,-0.31,-0.3
262,-0.07,Aaron Holiday,,72,21.2,9.7,2.21,1.77,2.14,0.59,0.2,0.86,42%,7.93,86%,0.95,0.02,1.18,-0.02,-0.81,-0.23,-0.55,0.39,-0.89,0.29
263,-0.07,Jarace Walker,,68,17.8,7.4,1.25,3.36,2.01,0.62,0.42,1,46%,6.03,79%,0.81,-0.32,0.14,-0.09,-0.16,-0.15,-0.03,0.22,-0.17,-0.04
264,-0.07,AJ Green,,72,26.6,8.1,2.28,2.86,2.14,0.56,0.11,0.64,41%,6.6,83%,0.45,-0.22,1.26,-0.02,-0.37,-0.3,-0.76,0.66,-0.89,-0.01
265,-0.08,Trendon Watford,,69,20.6,9.5,0.45,4.12,1.93,0.6,0.31,1.41,54%,6.79,76%,2.16,-0.01,-0.73,-0.13,0.15,-0.2,-0.29,-0.29,0.99,-0.16
266,-0.08,Derik Queen,,58,20.8,10.3,0.17,5.4,1.3,0.61,0.49,1.35,49%,8.1,77%,2.83,0.11,-1.03,-0.47,0.67,-0.18,0.13,-0.21,0.32,-0.03
267,-0.08,Nick Richards,Status$,56,16.8,6.7,0.01,5.75,0.55,0.17,0.69,1.06,62%,4.38,80%,1.62,-0.43,-1.21,-0.87,0.81,-1.28,0.6,0.14,1.37,0.15
268,-0.09,Ochai Agbaji,Status$,72,19.8,7.8,1.21,2.85,0.96,0.67,0.36,0.65,49%,6.43,71%,0.45,-0.26,0.1,-0.65,-0.37,-0.02,-0.17,0.64,0.24,-0.26
269,-0.09,Grant Williams,,37,23.6,7.1,1.21,4.57,1.63,0.66,0.47,1.11,41%,5.86,80%,1.44,-0.37,0.09,-0.29,0.33,-0.05,0.08,0.08,-0.8,0.11
270,-0.1,Jaime Jaquez Jr.,Status$,71,20.2,7.7,0.52,4.39,2.64,0.86,0.21,1.6,50%,6.21,75%,1.3,-0.28,-0.66,0.25,0.26,0.45,-0.53,-0.52,0.36,-0.22
271,-0.1,Walter Clayton Jr.,,71,21.3,10,1.85,2.6,2.76,0.71,0.31,1.5,40%,8.48,82%,1.7,0.07,0.79,0.31,-0.47,0.08,-0.29,-0.4,-1.31,0.32
272,-0.1,Tony Bradley,,47,13.8,6.1,0.08,4.75,0.77,0.3,0.77,0.75,63%,4.19,66%,1.14,-0.52,-1.13,-0.75,0.4,-0.96,0.79,0.52,1.4,-0.7
273,-0.11,Clint Capela,,48,17.3,7.2,0,6.44,0.8,0.47,0.75,0.66,55%,5.91,55%,1.42,-0.35,-1.22,-0.74,1.1,-0.53,0.75,0.63,0.98,-1.57
274,-0.11,Kelly Olynyk,Status$,51,17.2,7.1,0.67,3.77,2.3,0.61,0.36,1.35,50%,4.91,79%,1.85,-0.37,-0.49,0.07,0,-0.18,-0.17,-0.21,0.27,0.1
275,-0.12,Marcus Sasser,,66,17.2,8,1.09,1.45,2.84,0.7,0.11,1.16,47%,6.15,88%,1.2,-0.23,-0.03,0.35,-0.95,0.05,-0.76,0.02,-0.04,0.52
276,-0.12,Trayce Jackson-Davis,,57,16.8,8.1,0.03,5.96,1.61,0.43,0.8,0.75,58%,5.83,56%,2.34,-0.22,-1.19,-0.3,0.9,-0.63,0.86,0.52,1.34,-2.37
277,-0.13,Jarred Vanderbilt,,59,19.6,5.5,0.23,4.84,1.21,1.01,0.24,0.91,55%,4.17,63%,1.14,-0.61,-0.97,-0.52,0.44,0.83,-0.46,0.33,0.67,-0.86
278,-0.13,Gradey Dick,,73,24.6,10.6,1.67,3.18,1.26,0.75,0.11,1.06,41%,9.05,83%,1.83,0.16,0.6,-0.49,-0.24,0.18,-0.76,0.14,-1.2,0.44
279,-0.13,Jusuf Nurkić,Status$,44,16.2,8.1,0.41,5.8,2.24,0.64,0.55,1.52,51%,6.28,64%,2.07,-0.22,-0.77,0.03,0.83,-0.1,0.27,-0.42,0.5,-1.34
280,-0.13,Joan Beringer,Status$,58,14.2,3.6,0,3.62,0.4,0.61,1.15,0.46,58%,2.6,58%,1.03,-0.9,-1.22,-0.95,-0.06,-0.18,1.69,0.88,0.56,-1.03
281,-0.14,Carter Bryant,,68,21.8,5.1,0.85,4.32,0.93,0.91,0.71,1.1,40%,4.71,69%,0.71,-0.67,-0.29,-0.67,0.23,0.58,0.65,0.09,-0.76,-0.39
282,-0.14,Jaylon Tyson,,62,19.3,8.4,0.98,3.73,1.81,0.6,0.16,0.97,46%,6.99,80%,1.26,-0.17,-0.15,-0.2,-0.01,-0.2,-0.65,0.25,-0.19,0.08
283,-0.14,Mason Plumlee,Status$,53,16.8,4.9,0,5.93,1.82,0.42,0.49,0.94,64%,2.82,69%,1.92,-0.7,-1.22,-0.19,0.89,-0.65,0.13,0.29,0.98,-0.8
284,-0.14,Tre Mann,Status$,47,22.4,10.1,1.28,2.79,2.99,0.75,0.14,1.68,44%,8.94,81%,1.34,0.08,0.17,0.44,-0.4,0.18,-0.69,-0.62,-0.61,0.16
285,-0.14,Kevon Looney,Status$,69,15.8,4,0.04,5.94,1.45,0.55,0.48,0.41,50%,3.15,67%,1.19,-0.84,-1.17,-0.39,0.89,-0.33,0.11,0.94,0.15,-0.67
286,-0.14,Julian Champagnie,,70,19.3,6.7,1.48,3.05,1.13,0.6,0.32,0.72,41%,5.68,90%,0.66,-0.43,0.39,-0.56,-0.29,-0.2,-0.27,0.56,-0.78,0.28
287,-0.15,Cedric Coward,,62,18.2,8,1.03,4.38,1.62,0.62,0.46,1.66,45%,6.43,79%,1.39,-0.23,-0.1,-0.3,0.25,-0.15,0.06,-0.59,-0.32,0.04
288,-0.15,Jamal Shead,,73,19.6,7.6,0.98,1.62,4.34,0.97,0.17,1.44,41%,7.04,78%,1.13,-0.29,-0.15,1.16,-0.88,0.73,-0.62,-0.32,-0.95,-0.05
289,-0.16,Ja'Kobe Walter,,69,19.3,8.5,1.35,2.82,1.37,0.77,0.17,0.92,43%,6.98,79%,1.45,-0.16,0.25,-0.43,-0.38,0.23,-0.62,0.31,-0.64,0.05
290,-0.17,Luke Kennard,Status$,66,19.3,6.8,1.35,2.36,2.41,0.45,0.04,0.92,47%,5.17,94%,0.6,-0.42,0.25,0.12,-0.57,-0.58,-0.93,0.31,-0.04,0.35
291,-0.17,Egor Dëmin,,64,27.5,10.6,1.51,4.18,5.3,1.03,0.36,3.07,39%,10.17,71%,1.63,0.16,0.43,1.67,0.17,0.88,-0.17,-2.32,-1.78,-0.55
292,-0.17,Johnny Furphy,,73,15.7,6.3,0.9,3.21,1.02,0.63,0.33,0.53,44%,4.89,78%,1.43,-0.49,-0.24,-0.62,-0.23,-0.13,-0.25,0.79,-0.36,-0.02
293,-0.18,Marvin Bagley III,Status$,56,15.8,7.1,0.25,5.01,0.73,0.38,0.48,0.79,55%,5.16,69%,1.56,-0.37,-0.95,-0.77,0.51,-0.76,0.11,0.47,0.85,-0.68
294,-0.18,Collin Gillespie,,70,14.2,5.6,1.08,1.96,2.6,0.69,0.11,0.62,42%,4.62,85%,0.72,-0.6,-0.04,0.23,-0.74,0.03,-0.76,0.68,-0.54,0.15
295,-0.18,Julian Strawther,,65,19.3,8.7,1.47,1.99,1.2,0.48,0.2,0.79,45%,6.81,83%,1.36,-0.13,0.38,-0.52,-0.72,-0.5,-0.55,0.47,-0.33,0.29
296,-0.18,Paul Reed,,51,10.8,4.2,0.2,3.28,0.83,0.62,0.64,0.55,52%,3.37,71%,0.72,-0.81,-1,-0.72,-0.2,-0.15,0.49,0.77,0.31,-0.33
297,-0.18,Max Christie,,75,21.8,7.6,1.18,2.82,1.45,0.63,0.28,1.01,41%,6.32,86%,1.38,-0.29,0.06,-0.39,-0.38,-0.13,-0.36,0.2,-0.86,0.49
298,-0.19,Kyle Anderson,,49,14.1,5.6,0.2,2.75,2.36,0.47,0.46,0.65,50%,4.71,75%,1.01,-0.6,-1,0.1,-0.41,-0.53,0.06,0.64,0.26,-0.21
299,-0.19,Oso Ighodaro,,42,17.7,5.4,0.01,3.3,1.57,0.49,0.53,0.65,61%,4.03,59%,0.94,-0.63,-1.21,-0.33,-0.19,-0.48,0.23,0.64,1.17,-0.91
300,-0.19,Jalen Pickett,,72,18.3,6.4,1.27,2,3.37,0.54,0.11,0.86,44%,5.56,74%,0.35,-0.48,0.16,0.64,-0.72,-0.35,-0.76,0.39,-0.4,-0.19
301,-0.19,Drew Eubanks,,58,13.8,4.6,0.03,4.07,0.9,0.26,0.74,0.67,59%,3.34,72%,0.93,-0.75,-1.18,-0.68,0.13,-1.06,0.72,0.62,0.81,-0.33
302,-0.19,Jordan Goodwin,,68,16.2,5.2,0.7,3.01,2.43,0.79,0.31,0.97,42%,4.75,77%,0.64,-0.66,-0.46,0.14,-0.31,0.28,-0.29,0.25,-0.56,-0.13
303,-0.2,Andre Drummond,,61,16.7,6.1,0.08,7.06,0.59,0.73,0.5,1.14,49%,4.96,65%,1.84,-0.52,-1.13,-0.85,1.35,0.13,0.16,0.04,0.17,-1.12
304,-0.2,Craig Porter Jr.,,48,17.2,7.9,0.76,2.34,2.3,0.55,0.42,1.2,48%,6.04,74%,1.82,-0.25,-0.39,0.07,-0.58,-0.33,-0.03,-0.03,0.09,-0.33
305,-0.2,Kyle Kuzma,,71,32.3,16.1,1.7,4.5,2.91,0.55,0.48,2.67,46%,13.17,66%,3.44,0.99,0.63,0.39,0.3,-0.33,0.11,-1.83,-0.3,-1.79
306,-0.2,Nicolas Batum,,60,17.8,3.9,1.09,2.92,1.07,0.54,0.43,0.43,41%,3.17,82%,0.22,-0.85,-0.04,-0.59,-0.34,-0.35,-0.01,0.91,-0.46,-0.09
307,-0.21,Keon Johnson,Status$,61,18.3,8.3,1.28,2.33,1.59,0.81,0.31,1.16,41%,7.3,78%,1.44,-0.19,0.17,-0.31,-0.59,0.33,-0.29,0.02,-0.98,-0.02
308,-0.21,Danté Exum,Status$,52,19.8,7.4,0.92,1.87,2.49,0.6,0.17,0.99,48%,5.91,75%,1.18,-0.32,-0.22,0.17,-0.77,-0.2,-0.62,0.23,0.09,-0.21
309,-0.21,Ajay Mitchell,,66,16.2,6.7,0.76,1.91,1.73,0.59,0.11,0.69,49%,5.17,81%,1.11,-0.43,-0.39,-0.24,-0.76,-0.23,-0.76,0.6,0.18,0.1
310,-0.21,Simone Fontecchio,,69,19.8,6.8,1.16,3.31,1.06,0.53,0.2,0.83,44%,5.47,82%,1,-0.42,0.04,-0.6,-0.18,-0.38,-0.55,0.42,-0.4,0.13
311,-0.22,Vít Krejčí,Status$,69,17.3,5.4,1.2,2.53,1.79,0.5,0.25,0.7,45%,4.27,76%,0.53,-0.63,0.08,-0.21,-0.5,-0.45,-0.43,0.58,-0.23,-0.16
312,-0.22,Josh Okogie,,51,17.8,6.3,0.71,2.46,1.04,0.89,0.49,0.78,42%,4.79,73%,2.1,-0.49,-0.44,-0.61,-0.53,0.53,0.13,0.49,-0.56,-0.46
313,-0.22,Corey Kispert,,59,21.3,8.3,1.45,2.22,1.3,0.31,0.19,0.8,46%,6.36,81%,1.28,-0.19,0.36,-0.47,-0.63,-0.93,-0.58,0.46,-0.18,0.14
314,-0.22,Eric Gordon,,39,19.7,5.9,1.34,1.13,1.67,0.73,0.29,0.71,42%,4.69,76%,0.78,-0.55,0.23,-0.27,-1.08,0.13,-0.34,0.57,-0.55,-0.16
315,-0.23,DaRon Holmes II,,52,14.2,6.8,0.18,3.27,0.81,0.33,0.67,0.87,56%,4.73,71%,1.84,-0.42,-1.02,-0.73,-0.2,-0.88,0.56,0.38,0.87,-0.6
316,-0.24,Tristan Vukcevic,,44,12.8,5.9,0.7,3.17,0.98,0.32,0.56,0.9,49%,4.48,77%,1.02,-0.55,-0.46,-0.64,-0.24,-0.91,0.3,0.34,0.15,-0.11
317,-0.24,Quenton Jackson,,28,13.9,5.9,0.53,1.52,2.18,0.66,0.16,0.63,48%,4.32,77%,1.58,-0.55,-0.64,0,-0.92,-0.05,-0.65,0.67,0.05,-0.09
318,-0.24,Devin Carter,,61,16.8,5.8,0.75,2.74,1.39,0.91,0.36,0.84,43%,5.06,65%,1.07,-0.57,-0.4,-0.42,-0.42,0.58,-0.17,0.41,-0.48,-0.72
319,-0.24,Tim Hardaway Jr.,Status$,70,19.2,8.4,1.64,1.7,0.99,0.35,0.08,0.4,42%,6.83,86%,1.15,-0.17,0.56,-0.64,-0.84,-0.83,-0.83,0.95,-0.77,0.38
320,-0.25,Javonte Green,,76,14.2,4.4,0.47,2.84,0.57,0.68,0.26,0.38,50%,3.42,74%,0.68,-0.78,-0.71,-0.86,-0.38,0,-0.41,0.97,0.17,-0.22
321,-0.25,Jordan Hawkins,,69,19.7,8.8,1.68,2.32,1,0.46,0.3,0.83,40%,7.65,81%,1.19,-0.11,0.61,-0.63,-0.59,-0.55,-0.32,0.42,-1.19,0.12
322,-0.25,Maxime Raynaud,,51,15.2,5.2,0.55,4.31,0.83,0.34,0.52,0.86,47%,4.38,75%,0.68,-0.66,-0.62,-0.72,0.22,-0.86,0.2,0.39,-0.05,-0.19
323,-0.26,Jabari Walker,,46,15.8,6.1,0.52,4.25,0.75,0.5,0.13,0.62,52%,4.37,71%,1.4,-0.52,-0.66,-0.76,0.2,-0.45,-0.72,0.68,0.42,-0.49
324,-0.26,Terry Rozier,,67,21.4,7.8,1.25,2.98,1.93,0.49,0.13,0.87,40%,7.12,83%,1.03,-0.26,0.14,-0.13,-0.32,-0.48,-0.72,0.38,-1.11,0.18
325,-0.26,Justin Edwards,,72,18.3,6.6,1.08,2.27,0.94,0.65,0.27,0.81,45%,5.68,72%,0.62,-0.45,-0.04,-0.66,-0.61,-0.08,-0.39,0.45,-0.29,-0.27
326,-0.26,Tristan da Silva,Status$,71,18.3,6.1,0.88,2.68,1.21,0.41,0.22,0.54,44%,5.24,86%,0.66,-0.52,-0.26,-0.52,-0.44,-0.68,-0.5,0.78,-0.38,0.15
327,-0.26,Gabe Vincent,,61,18.2,6.1,1.64,1.11,0.98,0.53,0.15,0.36,42%,5.09,85%,0.24,-0.52,0.56,-0.64,-1.08,-0.38,-0.67,1,-0.59,-0.05
328,-0.27,Sandro Mamukelashvili,,52,12.2,5.1,0.68,3.21,0.86,0.31,0.31,0.42,50%,3.97,74%,0.69,-0.67,-0.48,-0.71,-0.23,-0.93,-0.29,0.93,0.21,-0.22
329,-0.27,Jonathan Mogbo,,61,15.8,4.7,0.2,3.87,1.63,0.61,0.42,0.9,44%,4.46,73%,0.73,-0.73,-1,-0.29,0.04,-0.18,-0.03,0.34,-0.33,-0.26
330,-0.27,N'Faly Dante,,49,9.8,4.1,0,3.52,0.46,0.26,0.57,0.58,68%,2.62,66%,0.75,-0.82,-1.22,-0.92,-0.1,-1.06,0.32,0.73,1.13,-0.51
331,-0.27,Julian Phillips,,49,13.8,4.9,0.64,2.03,0.49,0.49,0.27,0.33,48%,3.67,84%,0.91,-0.7,-0.52,-0.9,-0.71,-0.48,-0.39,1.04,0.03,0.19
332,-0.27,Rasheer Fleming,,51,14.8,4.6,0.45,2.84,0.38,0.43,0.67,0.81,51%,3.66,71%,0.55,-0.75,-0.73,-0.96,-0.38,-0.63,0.56,0.45,0.27,-0.29
333,-0.28,Jalen Wilson,Status$,74,18.2,7.8,1.47,2.58,1.33,0.36,0.08,0.71,40%,6.09,82%,1.73,-0.26,0.38,-0.45,-0.48,-0.81,-0.83,0.57,-0.96,0.33
334,-0.28,Cam Spencer,,27,11.1,5.4,1.02,1.4,1.7,0.41,0.06,0.34,44%,4.11,87%,0.82,-0.63,-0.11,-0.26,-0.97,-0.68,-0.88,1.02,-0.31,0.27
335,-0.29,Josh Green,,58,19.6,5.1,0.87,2.67,1.19,0.79,0.13,0.93,44%,4.28,75%,0.65,-0.67,-0.27,-0.53,-0.45,0.28,-0.72,0.3,-0.32,-0.19
336,-0.29,Georges Niang,Status$,39,14.7,7.6,1.64,2.15,1.04,0.27,0.13,0.74,45%,6.05,79%,0.61,-0.29,0.57,-0.61,-0.66,-1.03,-0.72,0.53,-0.3,-0.07
337,-0.29,Kenrich Williams,,48,14.2,4.8,0.69,2.76,1.18,0.53,0.09,0.47,50%,3.91,66%,0.37,-0.72,-0.47,-0.53,-0.41,-0.38,-0.81,0.86,0.2,-0.33
338,-0.29,Jaylen Clark,,69,13.8,4.1,0.46,1.56,0.94,0.88,0.08,0.37,46%,3.16,78%,0.91,-0.82,-0.72,-0.66,-0.9,0.5,-0.83,0.99,-0.12,-0.07
339,-0.3,Nigel Hayes-Davis,,48,13.7,5.4,0.86,2.5,0.94,0.59,0.18,0.85,43%,4.38,86%,0.9,-0.63,-0.28,-0.66,-0.52,-0.23,-0.6,0.4,-0.42,0.27
340,-0.3,Dalton Knecht,,74,15.8,7.8,1.43,2.29,0.64,0.22,0.1,0.43,46%,6.37,76%,0.68,-0.26,0.33,-0.82,-0.6,-1.16,-0.79,0.91,-0.18,-0.16
341,-0.3,Rob Dillingham,,64,18.8,8.2,0.88,1.99,3.23,0.74,0.06,1.7,45%,7.38,71%,0.92,-0.2,-0.26,0.56,-0.72,0.15,-0.88,-0.64,-0.35,-0.38
342,-0.31,Oscar Tshiebwe,,43,9.8,4.2,0,4.04,0.37,0.43,0.19,0.44,61%,2.84,71%,1,-0.81,-1.22,-0.97,0.11,-0.63,-0.58,0.9,0.8,-0.39
343,-0.31,Maxime Raynaud,,48,15.7,6.4,0.68,4.55,1.56,0.41,0.58,1.52,44%,5.67,66%,1.05,-0.48,-0.48,-0.33,0.32,-0.68,0.34,-0.42,-0.41,-0.66
344,-0.31,Dominick Barlow,,31,11.9,4.1,0.18,2.49,0.63,0.3,0.48,0.24,57%,2.88,68%,0.9,-0.82,-1.03,-0.83,-0.52,-0.96,0.11,1.15,0.57,-0.5
345,-0.32,Jared Butler,,33,11.8,5.4,0.69,1.23,2.47,0.48,0.16,0.95,47%,4.39,81%,0.71,-0.63,-0.47,0.16,-1.04,-0.5,-0.65,0.28,-0.05,0.01
346,-0.33,Jock Landale,,51,11.1,4.3,0.21,3.09,0.88,0.25,0.35,0.5,53%,3.27,77%,0.79,-0.79,-0.99,-0.69,-0.27,-1.08,-0.2,0.83,0.37,-0.12
347,-0.33,Caleb Martin,,63,16.8,4.8,0.55,2.48,1.34,0.59,0.37,0.8,43%,4.12,72%,0.97,-0.72,-0.62,-0.45,-0.52,-0.23,-0.15,0.46,-0.4,-0.34
348,-0.33,Jericho Sims,,47,12.8,2.6,0,4.32,0.6,0.22,0.43,0.65,68%,1.77,63%,0.25,-1.05,-1.22,-0.84,0.23,-1.16,-0.01,0.64,0.74,-0.31
349,-0.33,Christian Koloko,,19,9.8,2.9,0.02,2.69,0.39,0.25,0.63,0.29,61%,2.07,66%,0.53,-1.01,-1.2,-0.96,-0.44,-1.08,0.46,1.08,0.57,-0.41
350,-0.34,GG Jackson,,61,16.7,7.8,1.17,3.53,0.9,0.38,0.27,1.06,41%,6.89,77%,1.38,-0.26,0.05,-0.68,-0.09,-0.76,-0.39,0.14,-0.93,-0.09
351,-0.34,Dario Šarić,Status$,34,16.7,5.5,0.78,3.99,1.74,0.49,0.1,1.21,43%,4.75,76%,0.98,-0.61,-0.37,-0.23,0.09,-0.48,-0.79,-0.04,-0.45,-0.16
352,-0.34,Brandon Williams,,17,16.7,8.3,0.77,1.91,2.58,0.67,0.22,1.38,42%,6.96,74%,2.3,-0.19,-0.38,0.22,-0.76,-0.02,-0.5,-0.25,-0.79,-0.38
353,-0.34,Nikola Topić,,61,15.7,6.1,0.7,1.78,3.14,0.48,0.1,1.27,43%,5.37,82%,0.99,-0.52,-0.45,0.52,-0.81,-0.5,-0.79,-0.11,-0.51,0.12
354,-0.34,Steven Adams,,68,16.7,5.1,0,6.85,1.09,0.51,0.6,0.98,56%,3.93,43%,1.68,-0.67,-1.21,-0.58,1.26,-0.43,0.39,0.24,0.71,-2.78
355,-0.34,John Konchar,,37,11.2,2,0.41,3.15,0.85,0.54,0.24,0.41,42%,1.7,85%,0.16,-1.14,-0.77,-0.71,-0.25,-0.35,-0.46,0.94,-0.24,-0.09
356,-0.36,Kobe Bufkin,,43,13.2,6.2,0.75,2.2,1.78,0.39,0.23,0.83,44%,5.35,74%,1.09,-0.51,-0.41,-0.21,-0.64,-0.73,-0.48,0.42,-0.39,-0.26
357,-0.36,Svi Mykhailiuk,Status$,46,15.2,6.8,1.42,1.81,1.58,0.38,0.1,0.8,41%,5.92,77%,0.7,-0.42,0.32,-0.32,-0.8,-0.76,-0.79,0.46,-0.81,-0.12
358,-0.36,Jeremiah Fears,,63,19.7,9.2,0.77,2.57,2.52,0.91,0.12,2.48,39%,7.85,82%,2.84,-0.05,-0.38,0.18,-0.49,0.58,-0.74,-1.59,-1.39,0.64
359,-0.37,Kyle Lowry,,38,14.3,2.6,0.57,1.45,2.04,0.54,0.2,0.48,36%,2.21,84%,0.45,-1.05,-0.6,-0.07,-0.95,-0.35,-0.55,0.85,-0.58,0.01
360,-0.37,James Wiseman,,47,12.8,5.5,0.11,3.9,0.53,0.13,0.44,0.82,56%,4.04,69%,1.25,-0.61,-1.1,-0.88,0.06,-1.38,0.01,0.44,0.74,-0.57
361,-0.37,Noa Essengue,,55,15.8,7.4,0.52,2.61,0.75,0.53,0.27,0.7,45%,6.04,71%,2.02,-0.32,-0.65,-0.76,-0.47,-0.38,-0.39,0.58,-0.3,-0.64
362,-0.37,Nique Clifford,,73,15.8,5.2,0.72,3.16,1.45,0.49,0.26,1.15,43%,4.58,72%,0.85,-0.66,-0.43,-0.39,-0.25,-0.48,-0.41,0.03,-0.44,-0.32
363,-0.37,Liam McNeeley,,68,17.3,6,1.06,2.87,1.11,0.35,0.14,1.05,40%,5.05,86%,1.11,-0.54,-0.07,-0.57,-0.36,-0.83,-0.69,0.15,-0.81,0.37
364,-0.38,Pelle Larsson,,71,14.8,5.5,0.64,1.87,1.41,0.62,0.12,0.59,45%,4.38,68%,1.29,-0.61,-0.52,-0.41,-0.77,-0.15,-0.74,0.72,-0.24,-0.65
365,-0.38,Nae'Qwan Tomlin,,17,11.9,5.8,0.39,2.86,0.46,0.34,0.3,0.48,45%,4.77,76%,1.53,-0.57,-0.8,-0.92,-0.37,-0.86,-0.32,0.85,-0.25,-0.16
366,-0.38,Leonard Miller,,42,8.1,4.8,0.25,2.59,0.32,0.24,0.24,0.38,51%,3.22,79%,1.61,-0.72,-0.95,-0.99,-0.48,-1.11,-0.46,0.97,0.23,0.07
367,-0.38,Spencer Dinwiddie,Status$,61,15.8,6.1,0.81,1.52,2.15,0.45,0.14,0.8,41%,4.99,76%,1.54,-0.52,-0.34,-0.01,-0.92,-0.58,-0.69,0.46,-0.69,-0.16
368,-0.38,Jase Richardson,,74,14.2,5.4,0.71,1.52,0.91,0.39,0.15,0.69,47%,4.25,81%,0.94,-0.63,-0.45,-0.68,-0.92,-0.73,-0.67,0.6,-0.05,0.06
369,-0.39,Amari Williams,,44,12.2,5.1,0.04,3.61,1.04,0.36,0.65,1.12,50%,4.02,65%,1.52,-0.67,-1.18,-0.61,-0.06,-0.81,0.51,0.07,0.21,-0.95
370,-0.39,Orlando Robinson,,14,11.8,4,0.25,3.31,1.04,0.26,0.27,0.71,48%,3.28,77%,0.76,-0.84,-0.95,-0.61,-0.18,-1.06,-0.39,0.57,0.02,-0.12
371,-0.4,Ariel Hukporti,Status$,42,11.1,3.5,0,2.79,0.51,0.22,0.62,0.82,67%,2.26,59%,0.77,-0.91,-1.22,-0.89,-0.4,-1.16,0.44,0.44,0.92,-0.78
372,-0.4,Branden Carlson,,16,7.9,3.5,0.63,1.54,0.4,0.14,0.55,0.32,46%,2.75,75%,0.5,-0.91,-0.54,-0.95,-0.91,-1.36,0.27,1.05,-0.11,-0.18
373,-0.41,Asa Newell,,44,11.8,4.3,0.4,2.61,0.42,0.36,0.4,0.51,42%,3.8,76%,0.92,-0.79,-0.79,-0.94,-0.47,-0.81,-0.08,0.82,-0.46,-0.16
374,-0.41,Gui Santos,Status$,66,11.8,3.7,0.53,2.75,1.19,0.36,0.15,0.61,44%,2.9,75%,0.74,-0.88,-0.64,-0.53,-0.41,-0.81,-0.67,0.69,-0.24,-0.19
375,-0.42,Johni Broome,,18,10.8,4,0.1,2.68,0.52,0.29,0.55,0.67,51%,3.34,64%,0.81,-0.84,-1.11,-0.89,-0.44,-0.98,0.27,0.62,0.24,-0.62
376,-0.42,Duop Reath,,41,9.1,4.1,0.69,1.8,0.44,0.24,0.29,0.37,46%,3.4,76%,0.44,-0.82,-0.47,-0.93,-0.8,-1.11,-0.34,0.99,-0.12,-0.16
377,-0.42,Jae'Sean Tate,,51,12.2,3.7,0.36,2.18,0.93,0.47,0.18,0.42,46%,3.18,67%,0.61,-0.88,-0.83,-0.67,-0.65,-0.53,-0.6,0.93,-0.12,-0.42
378,-0.42,Gary Harris,Status$,51,14.2,2.8,0.64,1.14,0.72,0.54,0.2,0.32,41%,2.51,70%,0.13,-1.02,-0.52,-0.78,-1.07,-0.35,-0.55,1.05,-0.38,-0.19
379,-0.43,Maxi Kleber,Status$,46,14.2,2.8,0.45,1.9,0.86,0.22,0.44,0.44,43%,2.27,76%,0.54,-1.02,-0.73,-0.71,-0.76,-1.16,0.01,0.9,-0.25,-0.16
380,-0.43,Nolan Traore,,58,18.8,7.2,1.05,1.53,3.52,0.48,0.24,1.85,40%,6.73,71%,1.18,-0.35,-0.08,0.72,-0.91,-0.5,-0.46,-0.82,-1.05,-0.44
381,-0.43,Cody Williams,,73,20.4,6.3,1.12,2.14,1.43,0.43,0.31,0.83,36%,6.25,72%,0.95,-0.49,0,-0.4,-0.66,-0.63,-0.29,0.42,-1.52,-0.34
382,-0.43,Keaton Wallace,,15,9.8,3.4,0.51,1,1.98,0.51,0.15,0.68,40%,3.38,85%,0.29,-0.93,-0.67,-0.11,-1.13,-0.43,-0.67,0.61,-0.56,-0.03
383,-0.44,Jordan Walsh,,70,13.8,4.3,0.68,2.87,0.67,0.5,0.31,0.74,39%,4.16,63%,0.64,-0.79,-0.49,-0.81,-0.36,-0.45,-0.29,0.53,-0.77,-0.55
384,-0.44,Kris Murray,,70,15.3,4.5,0.48,2.72,0.92,0.5,0.26,0.64,42%,4.26,61%,0.77,-0.76,-0.7,-0.67,-0.43,-0.45,-0.41,0.66,-0.51,-0.7
385,-0.44,Zeke Nnaji,Status$,21,8.8,2.7,0.28,1.83,0.37,0.25,0.52,0.24,46%,2.09,67%,0.69,-1.04,-0.91,-0.97,-0.79,-1.08,0.2,1.15,-0.1,-0.45
386,-0.44,Tyler Kolek,,54,10.8,3,0.49,0.9,2.7,0.43,0.11,0.63,37%,2.74,79%,0.68,-0.99,-0.69,0.28,-1.17,-0.63,-0.76,0.67,-0.64,-0.06
387,-0.45,Adou Thiero,Status$,71,11.8,3.5,0.22,2.2,0.7,0.48,0.3,0.52,43%,3.01,71%,0.87,-0.91,-0.98,-0.79,-0.64,-0.5,-0.32,0.8,-0.31,-0.36
388,-0.45,Jevon Carter,,15,10.1,4.3,0.92,1.01,1.16,0.37,0.13,0.34,39%,4.09,75%,0.15,-0.79,-0.21,-0.54,-1.13,-0.78,-0.72,1.02,-0.75,-0.16
389,-0.46,Tidjane Salaün,,66,16.2,5.1,0.72,4,1.01,0.3,0.17,0.77,38%,4.44,71%,1.37,-0.67,-0.44,-0.62,0.1,-0.96,-0.62,0.5,-0.91,-0.48
390,-0.46,Dalen Terry,,53,10.8,3.9,0.41,1.5,1.12,0.48,0.15,0.59,46%,3.2,69%,0.82,-0.85,-0.77,-0.57,-0.92,-0.5,-0.67,0.72,-0.12,-0.43
391,-0.46,Sion James,,32,11.1,2.6,0.34,1.82,0.99,0.5,0.14,0.51,43%,2.11,73%,0.55,-1.05,-0.85,-0.64,-0.79,-0.45,-0.69,0.82,-0.24,-0.24
392,-0.46,Kessler Edwards,Status$,48,9.8,2.5,0.42,1.71,0.58,0.34,0.21,0.3,44%,2.15,80%,0.22,-1.07,-0.76,-0.86,-0.84,-0.86,-0.53,1.07,-0.19,-0.11
393,-0.46,PJ Hall,,15,5.9,3.1,0.22,1.68,0.31,0.14,0.32,0.31,55%,2.3,77%,0.47,-0.98,-0.98,-1,-0.85,-1.36,-0.27,1.06,0.34,-0.13
394,-0.46,Lindy Waters III,,48,9.1,3.5,0.87,1.2,0.55,0.27,0.15,0.23,42%,3.03,76%,0.14,-0.91,-0.27,-0.87,-1.05,-1.03,-0.67,1.16,-0.38,-0.16
395,-0.47,Dillon Jones,,51,13.2,3,0.32,2.98,1.44,0.43,0.08,0.71,43%,2.72,64%,0.53,-0.99,-0.88,-0.39,-0.32,-0.63,-0.83,0.57,-0.29,-0.46
396,-0.47,Antonio Reeves,,29,10.8,4.3,0.68,1.07,0.57,0.33,0.07,0.51,47%,3.43,81%,0.55,-0.79,-0.48,-0.86,-1.1,-0.88,-0.86,0.82,-0.05,-0.03
397,-0.47,Bobi Klintman,,26,10.2,3.4,0.37,1.95,0.54,0.38,0.17,0.6,46%,2.77,78%,0.64,-0.93,-0.82,-0.88,-0.74,-0.76,-0.62,0.71,-0.11,-0.1
398,-0.47,Jackson Rowe,,15,7.9,3.1,0.47,1.6,0.49,0.3,0.22,0.32,44%,2.63,76%,0.36,-0.98,-0.71,-0.9,-0.88,-0.96,-0.5,1.05,-0.22,-0.16
399,-0.48,Jaden Hardy,,61,15.2,8,1.2,1.41,1.34,0.4,0.06,1.28,42%,6.98,75%,1.28,-0.23,0.09,-0.45,-0.96,-0.7,-0.88,-0.13,-0.79,-0.22
400,-0.48,Brooks Barnhizer,Status$,27,8.1,2.5,0.26,1.6,0.48,0.47,0.32,0.35,38%,2.42,75%,0.52,-1.07,-0.94,-0.91,-0.88,-0.53,-0.27,1.01,-0.52,-0.18
401,-0.48,Daeqwon Plowden,,15,9.9,3.9,0.73,1.64,0.32,0.24,0.2,0.44,44%,3.2,77%,0.43,-0.85,-0.43,-0.99,-0.87,-1.11,-0.55,0.9,-0.26,-0.14
402,-0.48,Blake Wesley,,37,14.3,5.1,0.44,1.45,1.98,0.58,0.14,0.87,44%,4.26,64%,1.49,-0.67,-0.74,-0.11,-0.95,-0.25,-0.69,0.38,-0.32,-1.01
403,-0.49,Tyrese Proctor,Status$,44,15.8,5.1,0.94,1.63,1.83,0.36,0.1,0.96,38%,4.83,77%,0.61,-0.67,-0.2,-0.19,-0.87,-0.81,-0.79,0.27,-0.98,-0.13
404,-0.49,Isaac Jones,,17,7.1,3.3,0.1,1.38,0.32,0.13,0.24,0.33,66%,2.1,67%,0.56,-0.95,-1.11,-0.99,-0.97,-1.38,-0.46,1.04,0.8,-0.4
405,-0.49,Yanic Konan Niederhäuser,,19,8.8,3.1,0.04,2.19,0.25,0.18,0.59,0.71,53%,2.32,67%,0.91,-0.98,-1.17,-1.03,-0.64,-1.26,0.37,0.57,0.25,-0.55
406,-0.49,KJ Simpson,,32,10.8,4.1,0.49,1.42,1.18,0.41,0.07,0.72,40%,3.67,84%,0.79,-0.82,-0.69,-0.53,-0.96,-0.68,-0.86,0.56,-0.6,0.14
407,-0.49,Jeff Green,Status$,45,9.9,3.8,0.52,1.33,0.51,0.14,0.17,0.29,46%,3.07,81%,0.59,-0.87,-0.66,-0.89,-0.99,-1.36,-0.62,1.08,-0.12,-0.02
408,-0.5,Xavier Tillman,,41,11.8,3.9,0.42,2.56,0.81,0.61,0.31,0.79,39%,3.83,58%,0.89,-0.85,-0.76,-0.73,-0.49,-0.18,-0.29,0.47,-0.71,-0.92
409,-0.5,Hugo González,Status$,71,16.2,4.7,0.66,2.46,1.39,0.41,0.28,1.28,36%,4.29,78%,1.15,-0.73,-0.51,-0.42,-0.53,-0.68,-0.36,-0.13,-1.06,-0.05
410,-0.5,Hunter Tyson,Status$,15,9.8,3.9,0.69,1.99,0.48,0.26,0.12,0.34,40%,3.48,75%,0.59,-0.85,-0.47,-0.91,-0.72,-1.06,-0.74,1.02,-0.58,-0.19
411,-0.5,Jordan Miller,,48,10.2,3.8,0.32,1.27,0.67,0.33,0.1,0.5,44%,3.22,85%,0.76,-0.87,-0.88,-0.81,-1.02,-0.88,-0.79,0.83,-0.26,0.17
412,-0.51,Rayan Rupert,,46,12.2,4.8,0.49,1.81,0.61,0.3,0.07,0.67,44%,4.25,79%,0.75,-0.72,-0.69,-0.84,-0.8,-0.96,-0.86,0.62,-0.32,-0.05
413,-0.51,Jamal Cain,,15,9.1,3.3,0.43,1.36,0.36,0.37,0.13,0.37,44%,2.63,74%,0.76,-0.95,-0.75,-0.97,-0.98,-0.78,-0.72,0.99,-0.22,-0.23
414,-0.51,Malaki Branham,,15,11.1,4.3,0.65,1.11,0.88,0.21,0.05,0.68,46%,3.55,85%,0.53,-0.79,-0.51,-0.69,-1.08,-1.18,-0.91,0.61,-0.13,0.07
415,-0.51,Ousmane Dieng,,29,9.1,3.3,0.52,1.7,0.7,0.26,0.11,0.43,43%,2.92,75%,0.39,-0.95,-0.66,-0.79,-0.84,-1.06,-0.76,0.91,-0.3,-0.18
416,-0.51,Enrique Freeman,,46,10.9,3,0.13,2.01,0.53,0.24,0.22,0.32,49%,2.33,69%,0.88,-0.99,-1.07,-0.88,-0.72,-1.11,-0.5,1.05,0.05,-0.45
417,-0.52,A.J. Lawson,Status$,48,10.1,4.7,0.61,1.52,0.55,0.28,0.11,0.35,44%,3.84,68%,0.95,-0.73,-0.55,-0.87,-0.92,-1.01,-0.76,1.01,-0.3,-0.52
418,-0.52,Dwight Powell,Status$,18,7.9,1.6,0.01,1.63,0.68,0.26,0.22,0.31,68%,0.9,65%,0.5,-1.2,-1.21,-0.8,-0.87,-1.06,-0.5,1.06,0.35,-0.42
419,-0.52,Olivier-Maxence Prosper,,31,9.9,3.8,0.22,1.83,0.7,0.37,0.11,0.24,46%,3,66%,1.24,-0.87,-0.98,-0.79,-0.79,-0.78,-0.76,1.15,-0.12,-0.75
420,-0.52,Bronny James,,55,11.2,3.7,0.54,1.14,1.19,0.49,0.13,0.64,37%,3.55,74%,0.69,-0.88,-0.63,-0.53,-1.07,-0.48,-0.72,0.66,-0.82,-0.22
421,-0.52,Koby Brea,,31,10.1,3.3,0.93,1.16,0.47,0.18,0.1,0.29,40%,2.79,78%,0.17,-0.95,-0.21,-0.91,-1.06,-1.26,-0.79,1.08,-0.47,-0.14
422,-0.52,David Jones Garcia,,15,9.2,4,0.59,1.33,0.45,0.39,0.13,0.55,41%,3.52,75%,0.65,-0.84,-0.57,-0.92,-0.99,-0.73,-0.72,0.77,-0.51,-0.19
423,-0.52,Jamison Battle,,46,8.9,3.1,0.8,1.39,0.37,0.14,0.08,0.24,42%,2.61,91%,0.12,-0.98,-0.35,-0.97,-0.97,-1.36,-0.83,1.15,-0.34,-0.07
424,-0.53,Ben Saraf,,46,17.3,6.1,0.58,1.97,2.16,0.63,0.14,1.44,37%,6.14,72%,1.2,-0.52,-0.59,-0.01,-0.73,-0.13,-0.69,-0.32,-1.36,-0.39
425,-0.53,Kam Jones,,44,11.8,4.4,0.85,1.33,1.25,0.41,0.08,0.75,38%,4.26,68%,0.4,-0.78,-0.3,-0.5,-0.99,-0.68,-0.83,0.52,-0.87,-0.31
426,-0.53,Jordan McLaughlin,,43,8.1,1.9,0.42,0.74,1.44,0.35,0.07,0.38,39%,1.65,77%,0.28,-1.16,-0.76,-0.39,-1.24,-0.83,-0.86,0.97,-0.34,-0.14
427,-0.53,Jett Howard,,48,11.8,4.7,0.9,1.18,0.63,0.24,0.2,0.69,42%,4.21,66%,0.39,-0.73,-0.24,-0.83,-1.06,-1.11,-0.55,0.6,-0.5,-0.34
428,-0.53,Jaden Springer,,43,7.1,1.9,0.25,1.07,0.61,0.48,0.1,0.31,39%,1.65,76%,0.54,-1.16,-0.95,-0.84,-1.1,-0.5,-0.79,1.06,-0.34,-0.16
429,-0.53,AJ Johnson,,41,13.7,4.6,0.49,1.27,1.39,0.26,0.08,0.8,42%,4.26,82%,0.59,-0.75,-0.69,-0.42,-1.02,-1.06,-0.83,0.46,-0.51,0.01
430,-0.54,Kobe Brown,,46,8.1,2.8,0.23,1.64,0.69,0.23,0.11,0.42,50%,2.33,67%,0.32,-1.02,-0.97,-0.8,-0.87,-1.13,-0.76,0.93,0.1,-0.29
431,-0.54,RayJ Dennis,,15,9.2,3.1,0.61,1.12,1.54,0.33,0.07,0.58,37%,2.92,75%,0.44,-0.98,-0.56,-0.34,-1.08,-0.88,-0.86,0.73,-0.68,-0.18
432,-0.54,Andre Jackson Jr.,,28,9.1,2,0.19,1.75,0.76,0.35,0.13,0.52,49%,1.71,53%,0.21,-1.14,-1.02,-0.76,-0.82,-0.83,-0.72,0.8,0.02,-0.38
433,-0.54,Drake Powell,,48,10.8,2.8,0.53,1.39,0.5,0.27,0.2,0.33,40%,2.51,66%,0.41,-1.02,-0.64,-0.9,-0.97,-1.03,-0.55,1.04,-0.43,-0.35
434,-0.54,Keshad Johnson,,17,7.9,2.7,0.2,1.8,0.38,0.23,0.17,0.32,51%,2.08,64%,0.57,-1.04,-1,-0.96,-0.8,-1.13,-0.62,1.05,0.12,-0.48
435,-0.54,Isaiah Livers,Status$,15,8.8,2.6,0.57,1.05,0.29,0.22,0.16,0.27,42%,2.13,79%,0.26,-1.05,-0.6,-1.01,-1.11,-1.16,-0.65,1.11,-0.29,-0.12
436,-0.54,Ryan Nembhard,Status$,48,10.1,3.1,0.42,1,2.49,0.3,0.04,0.94,41%,2.83,75%,0.44,-0.98,-0.76,0.17,-1.13,-0.96,-0.93,0.29,-0.42,-0.18
437,-0.55,Drew Peterson,,17,6.9,2.5,0.64,1.47,0.39,0.19,0.08,0.29,41%,1.88,77%,0.38,-1.07,-0.53,-0.96,-0.94,-1.23,-0.83,1.08,-0.3,-0.14
438,-0.55,Chaz Lanier,,34,10.1,3.6,0.76,1.2,0.48,0.25,0.08,0.46,40%,3.17,79%,0.41,-0.9,-0.39,-0.91,-1.05,-1.08,-0.83,0.88,-0.53,-0.1
439,-0.55,E.J. Liddell,,45,7.1,2.7,0.45,1.39,0.44,0.17,0.21,0.29,40%,2.16,76%,0.7,-1.04,-0.73,-0.93,-0.97,-1.28,-0.53,1.08,-0.38,-0.16
440,-0.55,Colby Jones,,15,8.1,2.4,0.23,1.22,0.63,0.37,0.13,0.33,46%,1.96,64%,0.53,-1.08,-0.97,-0.83,-1.04,-0.78,-0.72,1.04,-0.1,-0.46
441,-0.55,Cam Christie,,46,7.1,3.3,0.55,0.93,0.52,0.19,0.08,0.24,44%,2.77,74%,0.38,-0.95,-0.62,-0.89,-1.16,-1.23,-0.83,1.15,-0.23,-0.19
442,-0.55,Tyson Etienne,,17,8.8,3.9,0.82,0.75,0.62,0.25,0.04,0.36,37%,3.38,82%,0.76,-0.85,-0.33,-0.83,-1.23,-1.08,-0.93,1,-0.78,0.06
443,-0.56,Pacôme Dadiet,,46,13.2,3.6,0.74,1.81,0.54,0.37,0.13,0.55,34%,3.4,72%,0.67,-0.9,-0.42,-0.88,-0.8,-0.78,-0.72,0.77,-1,-0.28
444,-0.56,Micah Peavy,Status$,46,11.1,3.3,0.24,1.68,0.61,0.4,0.14,0.68,44%,3.09,66%,0.49,-0.95,-0.96,-0.84,-0.85,-0.7,-0.69,0.61,-0.25,-0.39
445,-0.56,RJ Luis Jr.,Status$,51,10.9,4,0.34,1.9,0.7,0.43,0.14,0.93,40%,3.94,76%,0.68,-0.84,-0.85,-0.79,-0.76,-0.63,-0.69,0.3,-0.64,-0.16
446,-0.56,Alijah Martin,,17,8.1,3.1,0.56,1.35,0.51,0.3,0.07,0.45,40%,2.71,73%,0.46,-0.98,-0.61,-0.89,-0.99,-0.96,-0.86,0.89,-0.46,-0.22
447,-0.57,Tyler Smith,,15,6.1,2.2,0.31,1.22,0.25,0.19,0.21,0.29,44%,1.97,73%,0.25,-1.11,-0.88,-1.03,-1.04,-1.23,-0.53,1.08,-0.18,-0.19
448,-0.58,Javon Small,,17,8.1,3,0.55,1.02,1.18,0.25,0.07,0.68,38%,2.64,81%,0.58,-0.99,-0.62,-0.53,-1.12,-1.08,-0.86,0.61,-0.57,-0.02
449,-0.58,Trey Alexander,,48,8.9,3.5,0.49,1.04,0.91,0.23,0.09,0.43,39%,3.35,77%,0.55,-0.91,-0.69,-0.68,-1.11,-1.13,-0.81,0.91,-0.63,-0.13
450,-0.58,Elijah Harkless,,15,9.2,2.8,0.57,1.41,0.47,0.42,0.07,0.5,36%,2.6,68%,0.47,-1.02,-0.6,-0.91,-0.96,-0.65,-0.86,0.83,-0.67,-0.33
451,-0.58,Doug McDermott,Status$,34,8.1,3.1,0.93,0.45,0.28,0.11,0.02,0.13,42%,2.56,66%,0.08,-0.98,-0.21,-1.02,-1.35,-1.44,-0.98,1.28,-0.33,-0.19
452,-0.59,Noah Penda,,46,10.8,2.9,0.36,1.79,0.82,0.4,0.14,0.84,39%,2.62,69%,0.76,-1.01,-0.83,-0.73,-0.81,-0.7,-0.69,0.41,-0.51,-0.41
453,-0.59,Hunter Sallis,,17,9.9,3.1,0.41,1.23,0.61,0.29,0.12,0.63,40%,2.91,78%,0.51,-0.98,-0.77,-0.84,-1.04,-0.98,-0.74,0.67,-0.49,-0.11
454,-0.59,Bryce McGowens,,48,7.9,3.4,0.28,0.86,0.44,0.18,0.09,0.37,45%,2.56,78%,1,-0.93,-0.92,-0.93,-1.19,-1.26,-0.81,0.99,-0.16,-0.06
455,-0.6,John Tonje,,15,8.1,2.7,0.43,1.13,0.35,0.19,0.07,0.38,40%,2.25,80%,0.66,-1.04,-0.75,-0.98,-1.08,-1.23,-0.86,0.97,-0.39,-0.03
456,-0.6,Kasparas Jakučionis,,30,9.9,3.2,0.41,1.59,1.43,0.25,0.08,1.01,38%,2.92,79%,0.76,-0.96,-0.77,-0.4,-0.89,-1.08,-0.83,0.2,-0.62,-0.05
457,-0.6,Luke Travers,,17,7.9,2.2,0.22,1.77,0.73,0.24,0.16,0.69,40%,2.17,74%,0.33,-1.11,-0.98,-0.77,-0.81,-1.11,-0.65,0.6,-0.38,-0.19
458,-0.6,Kevon Harris,Status$,15,6.1,2.6,0.3,0.98,0.34,0.2,0.07,0.34,45%,1.96,75%,0.69,-1.05,-0.89,-0.98,-1.14,-1.21,-0.86,1.02,-0.14,-0.19
459,-0.61,Will Riley,,48,12.2,3.7,0.52,1.78,0.78,0.2,0.13,0.78,39%,3.41,72%,0.74,-0.88,-0.65,-0.75,-0.81,-1.21,-0.72,0.49,-0.64,-0.3
460,-0.61,Garrett Temple,Status$,15,7.1,1.6,0.27,0.9,0.6,0.3,0.11,0.27,33%,1.75,76%,0.29,-1.2,-0.93,-0.84,-1.17,-0.96,-0.76,1.11,-0.59,-0.16
461,-0.61,Sidy Cissoko,,17,7.1,2.5,0.22,0.98,0.74,0.22,0.14,0.54,47%,2.08,65%,0.5,-1.07,-0.98,-0.77,-1.14,-1.16,-0.69,0.78,-0.06,-0.42
462,-0.62,JD Davison,,15,6.1,2.4,0.39,0.87,1.01,0.2,0.09,0.5,38%,2.28,73%,0.39,-1.08,-0.8,-0.62,-1.18,-1.21,-0.81,0.83,-0.5,-0.21
463,-0.63,Thanasis Antetokounmpo,Status$,46,6.9,1.9,0.02,1.47,0.48,0.23,0.15,0.47,54%,1.45,56%,0.52,-1.16,-1.2,-0.91,-0.94,-1.13,-0.67,0.86,0.16,-0.65
464,-0.63,Isaiah Stevens,,15,4.9,1.9,0.29,0.48,0.74,0.14,0.03,0.25,43%,1.59,81%,0.28,-1.16,-0.9,-0.77,-1.34,-1.36,-0.95,1.13,-0.19,-0.09
465,-0.63,Spencer Jones,,17,6.1,1.8,0.19,0.79,0.27,0.2,0.13,0.23,40%,1.85,78%,0.22,-1.17,-1.02,-1.02,-1.22,-1.21,-0.72,1.16,-0.34,-0.14
466,-0.64,Riley Minix,,17,4,1.2,0.16,0.99,0.17,0.13,0.09,0.21,45%,1.02,81%,0.2,-1.26,-1.05,-1.07,-1.13,-1.38,-0.81,1.18,-0.1,-0.11
467,-0.64,Emanuel Miller,,15,4,1.6,0.05,1.05,0.22,0.14,0.05,0.18,49%,1.33,73%,0.32,-1.2,-1.17,-1.05,-1.11,-1.36,-0.91,1.22,0,-0.2
468,-0.65,Harrison Ingram,,17,6.1,1.5,0.17,1.28,0.39,0.2,0.06,0.3,41%,1.47,62%,0.28,-1.22,-1.03,-0.96,-1.01,-1.21,-0.88,1.07,-0.25,-0.34
469,-0.65,Ulrich Chomche,,8,4,0.9,0.07,1.23,0.23,0.15,0.18,0.26,41%,0.86,56%,0.19,-1.31,-1.14,-1.04,-1.04,-1.33,-0.6,1.12,-0.17,-0.34
470,-0.65,Joe Ingles,Status$,45,5.9,1.4,0.34,0.54,1.04,0.12,0.03,0.44,40%,1.23,81%,0.05,-1.23,-0.85,-0.61,-1.32,-1.41,-0.95,0.9,-0.24,-0.14
471,-0.65,Daniss Jenkins,,17,5.1,1.6,0.27,0.52,0.6,0.16,0.07,0.25,38%,1.57,74%,0.23,-1.2,-0.93,-0.84,-1.33,-1.31,-0.86,1.13,-0.36,-0.18
472,-0.65,Isaiah Crawford,,15,3.9,1.3,0.14,0.66,0.2,0.17,0.12,0.17,41%,1.11,71%,0.34,-1.25,-1.07,-1.06,-1.27,-1.28,-0.74,1.23,-0.2,-0.24
473,-0.66,Yuki Kawamura,,15,3.9,1.3,0.28,0.48,0.81,0.12,0.03,0.25,33%,1.14,80%,0.35,-1.25,-0.91,-0.73,-1.34,-1.41,-0.95,1.13,-0.4,-0.09
474,-0.67,Tolu Smith,,17,8.1,2.7,0,2.23,0.37,0.18,0.11,0.66,45%,2.38,65%,0.88,-1.04,-1.21,-0.97,-0.63,-1.26,-0.76,0.63,-0.16,-0.62
475,-0.69,Jacob Toppin,,17,3,1,0.15,0.62,0.22,0.08,0.07,0.13,39%,0.95,74%,0.14,-1.29,-1.06,-1.05,-1.28,-1.51,-0.86,1.28,-0.22,-0.17
476,-0.69,Pete Nance,,17,3,0.9,0.17,0.55,0.2,0.06,0.06,0.12,44%,0.7,63%,0.1,-1.31,-1.03,-1.06,-1.31,-1.56,-0.88,1.29,-0.11,-0.22
477,-0.69,Trentyn Flowers,,15,3.9,1.7,0.11,0.74,0.17,0.08,0.03,0.16,46%,1.44,68%,0.36,-1.19,-1.1,-1.07,-1.24,-1.51,-0.95,1.24,-0.09,-0.29
478,-0.7,Jamaree Bouyea,,15,3.1,0.9,0.1,0.29,0.4,0.11,0.05,0.26,45%,0.83,68%,0.12,-1.31,-1.11,-0.95,-1.42,-1.44,-0.91,1.12,-0.1,-0.2
479,-0.76,Fred VanVleet,,0,0,0,0,0,0,0,0,0,0%,0,0%,0,-1.44,-1.22,-1.17,-1.54,-1.71,-1.02,1.44,-0.06,-0.1